TEAM_ID,PLAYER_ID,SEASON
1610612762,1626220,2019
1610612762,202711,2019
1610612762,203497,2019
1610612762,1628378,2019
1610612762,201144,2019
1610612762,204060,1900
1610612762,202334,2019
1610612762,201145,2019
1610612762,203957,2019
1610612762,1626144,2019
1610612762,1627777,2019
1610612762,1628396,2019
1610612762,1628430,2019
1610612755,202699,2019
1610612755,201143,2019
1610612755,203954,2019
1610612755,1627788,2019
1610612755,1627732,2019
1610612755,203516,2050
1610612755,203118,2019
1610612755,203526,2019
1610612755,1629680,2019
1610612755,1629003,2019
1610612755,203124,2019
1610612755,203658,2019
1610612752,1628995,2019
1610612752,203944,2019
1610612752,201959,2019
1610612752,1629628,2019
1610612752,1628372,2019
1610612752,201961,2019
1610612752,1629011,2019
1610612752,1628422,2019
1610612752,1626171,2019
1610612752,1629019,2019
1610612752,1629649,2019
1610612752,1628443,2019
1610612749,203114,2019
1610612749,203507,2019
1610612749,201577,2019
1610612749,202083,2019
1610612749,202339,2019
1610612749,1628978,2019
1610612749,101141,2019
1610612749,1626192,2019
1610612749,201588,2019
1610612749,1628391,2019
1610612749,2594,2019
1610612749,1627733,2019
1610612749,203648,2019
1610612741,1627739,2019
1610612741,1628374,2019
1610612741,1628976,2019
1610612741,203897,2019
1610612741,203107,2019
1610612741,1629632,2019
1610612741,201152,2019
1610612741,1627853,2019
1610612741,1627756,2019
1610612741,1629655,2019
1610612741,1627885,2019
1610612741,1628436,2019
1610612741,1629622,2019
1610612756,1626162,2019
1610612756,203967,2019
1610612756,1626163,2019
1610612756,1626164,2019
1610612756,201937,2019
1610612756,1628969,2019
1610612756,1629660,2019
1610612756,1629661,2019
1610612756,1628975,2019
1610612756,203382,2019
1610612756,204020,2019
1610612756,1629059,2019
1610612766,1628970,2019
1610612766,1629023,2019
1610612766,202687,2019
1610612766,1628984,2019
1610612766,1626179,2019
1610612766,201587,2019
1610612766,203469,2019
1610612766,101107,2019
1610612766,1628370,2019
1610612766,1628407,2019
1610612766,1626195,2019
1610612766,203077,2019
1610612754,203933,2019
1610612754,1627734,2019
1610612754,1626167,2019
1610612754,203087,2019
1610612754,1627763,2019
1610612754,203200,2019
1610612754,1628988,2019
1610612754,204456,2019
1610612754,203926,2019
1610612754,1629048,2019
1610612754,1628993,2019
1610612754,1628388,2019
1610612763,203524,2019
1610612763,203109,2019
1610612763,1628991,2019
1610612763,1628415,2019
1610612763,1626145,2019
1610612763,1629001,2019
1610612763,1628960,2019
1610612763,203998,2019
1610612763,1629741,2019
1610612763,203937,2019
1610612763,1629634,2019
1610612763,202685,2019
1610612763,1629139,2019
1610612744,1629672,2019
1610612744,1626172,2019
1610612744,1626161,2019
1610612744,203922,2019
1610612744,202692,2019
1610612744,1629065,2019
1610612744,1627737,2019
1610612744,1629673,2019
1610612744,1629016,2019
1610612744,1628980,2019
1610612744,203110,2019
1610612737,1629631,2019
1610612737,203953,2019
1610612737,1627745,2019
1610612737,1627761,2019
1610612737,1629027,2019
1610612737,1713,2019
1610612737,203458,2019
1610612737,1629629,2019
1610612737,202323,2019
1610612737,1627820,2019
1610612737,1628981,2019
1610612737,1629164,2019
1610612737,202718,2019
1610612748,202710,2019
1610612748,1628389,2019
1610612748,203086,2019
1610612748,1629130,2019
1610612748,1629134,2019
1610612748,201609,2019
1610612748,1626159,2019
1610612748,1629735,2019
1610612748,1629639,2019
1610612748,203482,2019
1610612748,1627884,2019
1610612748,2617,2019
1610612748,201949,2019
1610612751,203925,2019
1610612751,1627752,2019
1610612751,1628386,2019
1610612751,202066,2019
1610612751,203915,2019
1610612751,1629058,2019
1610612751,201599,1900
1610612751,202697,2019
1610612751,1628021,2019
1610612751,1629033,2019
1610612751,1629651,2019
1610612750,1626203,2019
1610612750,203496,2019
1610612750,1626157,2019
1610612750,1629633,2019
1610612750,203952,2019
1610612750,201952,2019
1610612750,1629006,2019
1610612750,203894,2019
1610612750,1628966,2019
1610612750,203476,2019
1610612750,1628395,2019
1610612750,1629675,2019
1610612750,203943,2019
1610612742,1627827,2019
1610612742,204001,2019
1610612742,203939,2019
1610612742,203501,2019
1610612742,1629029,2019
1610612742,1626153,2019
1610612742,203552,2019
1610612742,1628467,2019
1610612742,1628973,2019
1610612742,1628382,2019
1610612742,1626246,2019
1610612742,200826,2019
1610612742,201584,2019
1610612747,2544,2019
1610612747,203076,2019
1610612747,201580,2019
1610612747,201980,2019
1610612747,203484,2019
1610612747,1628398,2019
1610612747,1627936,2019
1610612747,200765,2019
1610612747,203584,2019
1610612747,2730,2019
1610612747,201162,2019
1610612747,1626188,2019
1610612765,203503,2019
1610612765,201933,2019
1610612765,203083,2019
1610612765,1628379,2019
1610612765,1628971,2019
1610612765,204038,2019
1610612765,201565,2019
1610612765,202693,2019
1610612765,1629004,2019
1610612765,1626174,2019
1610612765,1627748,2019
1610612765,204025,2019
1610612765,1629635,2019
1610612760,1628390,2019
1610612760,201568,2019
1610612760,203500,2019
1610612760,1628983,2019
1610612760,101108,2019
1610612760,203457,2019
1610612760,203471,2019
1610612760,1627846,2019
1610612760,1629647,2019
1610612760,1629126,2019
1610612760,1628985,2019
1610612760,203488,2019
1610612740,201950,2019
1610612740,1627742,2019
1610612740,1626143,2019
1610612740,200755,2019
1610612740,1628366,2019
1610612740,1629637,2019
1610612740,1628404,2019
1610612740,202734,2019
1610612740,1629740,2019
1610612740,1629638,2019
1610612740,202324,2019
1610612740,1628402,2019
1610612740,1629026,2019
1610612753,1628371,2019
1610612753,203932,2019
1610612753,203920,2019
1610612753,203095,2019
1610612753,1628365,2019
1610612753,1628411,2019
1610612753,201571,2019
1610612753,1628964,2019
1610612753,203082,2019
1610612753,1628982,2019
1610612753,1628518,2019
1610612753,203705,2019
1610612761,1628384,2019
1610612761,1627783,2019
1610612761,201188,2019
1610612761,1626181,2019
1610612761,1627832,2019
1610612761,201586,2019
1610612761,1626178,2019
1610612761,1629056,2019
1610612761,1628449,2019
1610612761,1629052,2019
1610612761,1626259,2019
1610612761,1629608,2019
1610612761,1629044,2019
1610612764,1628972,2019
1610612764,1629060,2019
1610612764,1628418,2019
1610612764,203078,2019
1610612764,202738,2019
1610612764,202722,2019
1610612764,202397,2019
1610612764,203895,2019
1610612764,1629067,2019
1610612764,1629185,2019
1610612764,101133,2019
1610612764,1629021,2019
1610612746,202695,2019
1610612746,203090,2019
1610612746,1627826,2019
1610612746,202331,2019
1610612746,201976,2019
1610612746,101150,2019
1610612746,1626149,2019
1610612746,203210,2019
1610612746,1629010,2019
1610612746,1629611,2019
1610612746,202335,2019
1610612746,1628476,2019
1610612746,1629662,2019
1610612738,1627759,2019
1610612738,1628369,2019
1610612738,1628464,2019
1610612738,203935,2019
1610612738,202689,2019
1610612738,202683,2019
1610612738,1629684,2019
1610612738,1629750,2019
1610612738,202954,2019
1610612738,1629057,2019
1610612738,1628400,2019
1610612738,1629035,2019
1610612738,1629738,2019
1610612752,1628373,2019
1610612752,202694,2019
1610612737,203459,2019
1610612745,203463,2019
1610612745,200782,2019
1610612745,2199,2019
1610612745,201935,2019
1610612745,201566,2019
1610612745,1628392,2019
1610612745,203085,2019
1610612745,1629109,2019
1610612745,200757,2019
1610612745,1629598,2019
1610612745,203991,2019
1610612749,1628412,2019
1610612743,203115,2019
1610612743,200794,2019
1610612743,203999,2019
1610612743,203914,2019
1610612743,1627750,2019
1610612743,203924,2019
1610612743,1627823,2019
1610612743,1628420,2019
1610612743,203486,2019
1610612743,1627736,2019
1610612743,1628470,2019
1610612743,1629008,2019
1610612755,203504,2019
1610612755,1629015,2019
1610612762,1629671,2019
1610612763,1629630,2019
1610612757,203918,2019
1610612757,2546,2019
1610612757,202355,2019
1610612757,203468,2019
1610612757,203081,2019
1610612757,1629642,2019
1610612757,1629014,2019
1610612757,1627746,2019
1610612757,203145,2019
1610612757,1629650,2019
1610612757,1626209,2019
1610612757,1629658,2019
1610612757,201229,2019
1610612756,1627767,2019
1610612746,203585,2019
1610612749,201572,2019
1610612739,1626224,2019
1610612739,201567,2019
1610612739,202684,2019
1610612739,1629012,2019
1610612739,1629636,2019
1610612739,1626204,2019
1610612739,1629645,2019
1610612739,203903,2019
1610612739,1628035,2019
1610612739,203521,2019
1610612739,1627790,2019
1610612739,202688,2019
1610612755,1629621,2019
1610612753,202329,2019
1610612751,1627740,2019
1610612751,1627789,2019
1610612741,1628990,2019
1610612744,1626156,2019
1610612760,1628383,2019
1610612750,1629103,2019
1610612749,1628425,2019
1610612766,1628998,2019
1610612745,1627863,2019
1610612755,1626196,2019
1610612755,1628413,2019
1610612762,1629752,2019
1610612753,1629168,2019
1610612751,1629066,2019
1610612764,101139,2019
1610612738,1629682,2019
1610612750,1629669,2019
1610612764,1629678,2019
1610612764,1629620,2019
1610612756,1629028,2019
1610612765,1629648,2019
1610612757,1629018,2019
1610612761,1629744,2019
1610612754,1628513,2019
1610612760,1628977,2019
1610612739,1629731,2019
1610612742,1629151,2019
1610612762,1629742,2019
1610612762,1629625,2019
1610612753,202696,2019
1610612739,1629076,2019
1610612740,1629597,2019
1610612740,1627982,2019
1610612750,1627774,2019
1610612754,1628968,2019
1610612754,203960,2019
1610612753,203487,2019
1610612743,1629020,2019
1610612737,1629718,2019
1610612745,201583,2019
1610612761,1626169,2019
1610612748,1629133,2019
1610612751,202681,2019
1610612766,1628997,2019
1610612747,1629668,2019
1610612754,1628410,2019
1610612738,1629641,2019
1610612747,202340,2019
1610612737,1628989,2019
1610612737,1628381,2019
1610612748,1629644,2019
1610612750,1629162,2019
1610612745,201569,2019
1610612744,1627814,2019
1610612746,1629013,2019
1610612747,1629659,2019
1610612751,1627747,2019
1610612738,202330,2019
1610612763,1629723,2019
1610612757,2200,2019
1610612762,1629714,2019
1610612761,200768,2019
1610612765,1629017,2019
1610612748,203079,2019
1610612741,203490,2019
1610612745,1626187,2019
1610612747,202326,2019
1610612757,1628380,2019
1610612743,1628427,2019
1610612751,201163,2019
1610612738,1629605,2019
1610612744,201939,2019
1610612761,1627775,2019
1610612752,203901,2019
1610612747,1628961,2019
1610612739,203089,2019
1610612764,1629726,2019
1610612746,1628405,2019
1610612756,1629607,2019
1610612743,1628408,2019
1610612766,1629667,2019
1610612765,202704,2019
1610612742,1629676,2019
1610612764,1628394,2019
1610612764,1627883,2019
1610612755,1629312,2019
1610612755,1629746,2019
1610612755,1627776,2019
1610612761,1627819,2019
1610612761,1626166,2019
1610612761,1628421,2019
1610612751,1629962,2019
1610612751,201142,2019
1610612751,1629747,2019
1610612751,202498,2019
1610612751,203710,2019
1610612745,101123,2019
1610612745,1629070,2019
1610612745,2403,2019
1610612745,1629044,2019
1610612745,1629034,2019
1610612748,1629734,2019
1610612748,1628432,2019
1610612748,1629967,2019
1610612748,204215,2019
1610612740,1629824,2019
1610612740,1629715,2019
1610612740,1628448,2019
1610612740,203121,2019
1610612740,1629627,2019
1610612752,203493,2019
1610612752,1629722,2019
1610612752,1629777,2019
1610612752,1629624,2019
1610612763,1629594,2019
1610612763,2738,2019
1610612763,1628367,2019
1610612763,203101,2019
1610612763,1628397,2019
1610612747,1629719,2019
1610612747,1627743,2019
1610612747,1629305,2019
1610612744,1626150,2019
1610612744,1629800,2019
1610612744,1629308,2019
1610612744,1628035,2019
1610612744,1629346,2019
1610612744,202691,2019
1610612757,1629833,2019
1610612757,1628505,2019
1610612757,1628506,2019
1610612757,203994,2019
1610612743,203092,2019
1610612743,1629626,2019
1610612742,1629729,2019
1610612742,1628499,2019
1610612746,1629599,2019
1610612746,1629055,2019
1610612746,1629806,2019
1610612737,1628769,2019
1610612737,1629717,2019
1610612737,1629094,2019
1610612737,1626296,2019
1610612741,1629779,2019
1610612741,1628495,2019
1610612741,1629690,2019
1610612741,1626245,2019
1610612741,1629679,2019
1610612750,1627820,2019
1610612750,1628967,2019
1610612750,1629956,2019
1610612749,1629244,2019
1610612749,1629730,2019
1610612753,1629860,2019
1610612753,1629353,2019
1610612753,1629610,2019
1610612753,1629724,2019
1610612765,2207,2019
1610612765,1629270,2019
1610612765,1629743,2019
1610612765,1629663,2019
1610612766,1628424,2019
1610612766,1629606,2019
1610612766,1629759,2019
1610612745,1628417,2019
1610612763,1627784,2019
1610612760,203583,2019
1610612760,1629652,2019
1610612760,1629152,2019
1610612760,1627988,2019
1610612760,203961,2019
1610612760,203460,2019
1610612762,1627858,2019
1610612762,1629739,2019
1610612747,203687,2019
1610612754,1628578,2019
1610612754,1627215,2019
1610612754,203506,2019
1610612754,203912,2019
1610612738,1629622,2019
1610612738,1629232,2019
1610612738,1628999,2019
1610612739,1626185,2019
1610612739,1629716,2019
1610612739,1628414,2019
1610612739,1627789,2019
1610612739,1627772,2019
1610612739,1629122,2019
1610612739,1629685,2019
1610612748,1629725,2019
1610612748,1628539,2019
1610612763,1628605,2019
1610612742,1629751,2019
1610612742,1629689,2019
1610612743,1629076,2019
1610612756,1629665,2019
1610612756,1629826,2019
1610612756,1629749,2019
1610612756,1629745,2019
1610612747,204065,2019
1610612741,1629825,2019
1610612761,1628996,2019
1610612749,1629121,2019
1610612749,1629612,2019
1610612764,1626147,2019
1610612764,1629595,2019
1610612764,1629203,2019
1610612764,202322,2019
1610612751,1629061,2019
1610612751,1629786,2019
1610612766,1629616,2019
1610612766,1629147,2019
1610612752,1629609,2019
1610612762,1629129,2019
1610612742,1629819,2019
1610612750,1629818,2019
1610612750,1629623,2019
1610612746,1629615,2019
1610612746,1629097,2019
1610612766,1629118,2019
1610612745,203461,2019
1610612737,1629034,2019
1610612744,203906,2019
1610612753,1629755,2019
1610612754,1629721,2019
1610612761,202695,2018
1610612761,1627783,2018
1610612761,201188,2018
1610612761,201980,2018
1610612761,200768,2018
1610612761,1627832,2018
1610612761,201586,2018
1610612761,1626181,2018
1610612761,1628384,2018
1610612761,202391,2018
1610612761,1627775,2018
1610612761,201975,2018
1610612761,1626259,2018
1610612744,2738,2018
1610612744,203110,2018
1610612744,1626172,2018
1610612744,202691,2018
1610612744,201939,2018
1610612744,101106,2018
1610612744,1628035,2018
1610612744,202326,2018
1610612744,1626188,2018
1610612744,2733,2018
1610612744,201973,2018
1610612744,1628395,2018
1610612744,1628980,2018
1610612744,201142,2018
1610612761,1628449,2018
1610612761,203961,2018
1610612744,1627745,2018
1610612749,203114,2018
1610612749,203507,2018
1610612749,201572,2018
1610612749,1627763,2018
1610612749,202339,2018
1610612749,201588,2018
1610612749,101141,2018
1610612749,1626192,2018
1610612749,1628425,2018
1610612749,204025,2018
1610612749,202703,2018
1610612749,203503,2018
1610612749,1628391,2018
1610612757,203090,2018
1610612757,202329,2018
1610612757,203086,2018
1610612757,203468,2018
1610612757,203081,2018
1610612757,203918,2018
1610612757,1628380,2018
1610612757,203552,2018
1610612757,202683,2018
1610612757,202323,2018
1610612757,1627746,2018
1610612757,1627774,2018
1610612757,1629014,2018
1610612743,1628470,2018
1610612743,200794,2018
1610612743,203999,2018
1610612743,203914,2018
1610612743,1627750,2018
1610612743,203486,2018
1610612743,203115,2018
1610612743,1627736,2018
1610612743,1628420,2018
1610612743,1627823,2018
1610612743,1626168,2018
1610612743,202738,2018
1610612743,1629020,2018
1610612755,202710,2018
1610612755,202699,2018
1610612755,203954,2018
1610612755,200755,2018
1610612755,1627732,2018
1610612755,203516,2018
1610612755,202328,2018
1610612755,203118,2018
1610612755,1628413,2018
1610612755,101161,2018
1610612755,1626246,2018
1610612755,204456,2018
1610612755,203613,2018
1610612745,201569,2018
1610612745,200782,2018
1610612745,203991,2018
1610612745,201935,2018
1610612745,101108,2018
1610612745,2403,2018
1610612745,203085,2018
1610612745,202697,2018
1610612745,101123,2018
1610612745,1629109,2018
1610612745,202702,2018
1610612745,1628392,2018
1610612745,1627863,2018
1610612738,1628369,2018
1610612738,201143,2018
1610612738,203382,2018
1610612738,1627759,2018
1610612738,202681,2018
1610612738,202694,2018
1610612738,202330,2018
1610612738,203935,2018
1610612738,1626179,2018
1610612738,1628464,2018
1610612738,1627824,2018
1610612738,1628400,2018
1610612738,202954,2018
1610612745,1626187,2018
1610612738,1629057,2018
1610612755,1627788,2018
1610612745,1629185,2018
1610612755,1629015,2018
1610612746,201976,2018
1610612746,201568,2018
1610612746,203210,2018
1610612746,1629013,2018
1610612746,1628983,2018
1610612746,101150,2018
1610612746,1626149,2018
1610612746,202066,2018
1610612746,1628414,2018
1610612746,1629010,2018
1610612746,1627826,2018
1610612746,201163,2018
1610612746,1627820,2018
1610612762,204060,2018
1610612762,203109,2018
1610612762,203497,2018
1610612762,1628378,2018
1610612762,201937,2018
1610612762,1626220,2018
1610612762,200757,2018
1610612762,1627777,2018
1610612762,202324,2018
1610612762,1628960,2018
1610612762,2594,2018
1610612762,203526,2018
1610612762,202327,2018
1610612753,1628371,2018
1610612753,203932,2018
1610612753,202696,2018
1610612753,203095,2018
1610612753,201571,2018
1610612753,203082,2018
1610612753,203920,2018
1610612753,203487,2018
1610612753,1628411,2018
1610612753,1626185,2018
1610612753,1628982,2018
1610612753,1626170,2018
1610612751,203925,2018
1610612751,201162,2018
1610612751,1628386,2018
1610612751,1627747,2018
1610612751,1626156,2018
1610612751,1626203,2018
1610612751,203915,2018
1610612751,1626178,2018
1610612751,201960,2018
1610612751,1629066,2018
1610612751,203894,2018
1610612751,1629033,2018
1610612751,1629058,2018
1610612760,202331,2018
1610612760,203924,2018
1610612760,203500,2018
1610612760,1628390,2018
1610612760,201566,2018
1610612760,203457,2018
1610612760,203471,2018
1610612760,202693,2018
1610612760,101109,2018
1610612760,1629126,2018
1610612760,1627846,2018
1610612760,202335,2018
1610612765,1628971,2018
1610612765,201933,2018
1610612765,203083,2018
1610612765,201961,2018
1610612765,202704,2018
1610612765,1628379,2018
1610612765,204038,2018
1610612765,202397,2018
1610612765,1627748,2018
1610612765,203922,2018
1610612765,101181,2018
1610612765,1629017,2018
1610612765,2585,2018
1610612738,1626780,2018
1610612754,202711,2018
1610612754,201152,2018
1610612754,1626167,2018
1610612754,202083,2018
1610612754,201954,2018
1610612754,201936,2018
1610612754,1627734,2018
1610612754,1628988,2018
1610612754,202709,2018
1610612754,1628388,2018
1610612754,203926,2018
1610612754,203124,2018
1610612754,1628410,2018
1610612751,202334,2018
1610612765,202720,2018
1610612760,1628977,2018
1610612754,1628993,2018
1610612754,1628432,2018
1610612737,1627752,2018
1610612737,1628381,2018
1610612737,203458,2018
1610612737,1628989,2018
1610612737,1629027,2018
1610612737,1627761,2018
1610612737,1713,2018
1610612737,1629121,2018
1610612737,203145,2018
1610612737,1627738,2018
1610612737,1626147,2018
1610612737,1629353,2018
1610612748,1626159,2018
1610612748,203482,2018
1610612748,2617,2018
1610612748,2548,2018
1610612748,201609,2018
1610612748,1627884,2018
1610612748,1628389,2018
1610612748,201949,2018
1610612748,1629130,2018
1610612748,203079,2018
1610612748,1628999,2018
1610612748,201583,2018
1610612748,202355,2018
1610612751,1626210,2018
1610612753,1628518,2018
1610612753,1628505,2018
1610612766,201587,2018
1610612766,1628970,2018
1610612766,202687,2018
1610612766,1628407,2018
1610612766,202689,2018
1610612766,203087,2018
1610612766,1626163,2018
1610612766,1628370,2018
1610612766,1628984,2018
1610612766,203077,2018
1610612766,1626195,2018
1610612766,202714,2018
1610612766,2225,2018
1610612752,1628995,2018
1610612752,1628436,2018
1610612752,1629011,2018
1610612752,1628422,2018
1610612752,1626209,2018
1610612752,1628443,2018
1610612752,1627740,2018
1610612752,203098,2018
1610612752,1628439,2018
1610612752,1628656,2018
1610612752,201599,2018
1610612752,1628372,2018
1610612752,202498,2018
1610612741,1627782,2018
1610612741,1627789,2018
1610612741,201577,2018
1610612741,1627885,2018
1610612741,1627853,2018
1610612741,1629102,2018
1610612741,1626245,2018
1610612741,1627215,2018
1610612741,1628469,2018
1610612741,1628959,2018
1610612741,1628990,2018
1610612755,1629003,2018
1610612755,1629312,2018
1610612744,1627814,2018
1610612744,1629094,2018
1610612763,203200,2018
1610612763,203998,2018
1610612763,1628397,2018
1610612763,1628416,2018
1610612763,1626153,2018
1610612763,203092,2018
1610612763,1628975,2018
1610612763,1629139,2018
1610612763,1627395,2018
1610612763,201144,2018
1610612763,201149,2018
1610612763,202718,2018
1610612760,1628393,2018
1610612749,1629045,2018
1610612742,1628382,2018
1610612742,1717,2018
1610612742,203939,2018
1610612742,2734,2018
1610612742,1628973,2018
1610612742,1626257,2018
1610612742,1627827,2018
1610612742,1629151,2018
1610612742,203504,2018
1610612742,201584,2018
1610612742,1628961,2018
1610612742,1629029,2018
1610612742,1629133,2018
1610612750,203952,2018
1610612750,203967,2018
1610612750,203476,2018
1610612750,1629006,2018
1610612750,1626145,2018
1610612750,201229,2018
1610612750,1628966,2018
1610612750,1629244,2018
1610612750,1629123,2018
1610612750,203710,2018
1610612750,1628249,2018
1610612750,201959,2018
1610612762,1628513,2018
1610612762,1628396,2018
1610612762,1628463,2018
1610612757,1629018,2018
1610612761,1628070,2018
1610612750,201573,2018
1610612750,1626157,2018
1610612747,1629203,2018
1610612747,203488,2018
1610612747,201580,2018
1610612747,203484,2018
1610612747,1627936,2018
1610612747,1629140,2018
1610612747,1629067,2018
1610612747,1629021,2018
1610612747,203493,2018
1610612747,2199,2018
1610612747,1628398,2018
1610612747,200765,2018
1610612740,1629026,2018
1610612740,1626174,2018
1610612740,1626143,2018
1610612740,203546,2018
1610612740,203901,2018
1610612740,1627767,2018
1610612740,203524,2018
1610612740,1629541,2018
1610612740,203076,2018
1610612740,1628402,2018
1610612740,1626169,2018
1610612740,203121,2018
1610612740,203944,2018
1610612756,1628969,2018
1610612756,1627733,2018
1610612756,1629034,2018
1610612756,1628367,2018
1610612756,1629059,2018
1610612756,203584,2018
1610612756,2037,2018
1610612756,1629001,2018
1610612756,202690,2018
1610612756,1626164,2018
1610612756,1626158,2018
1610612742,1628467,2018
1610612741,203960,2018
1610612738,1628408,2018
1610612738,1626154,2018
1610612764,1628972,2018
1610612764,1626171,2018
1610612764,1628418,2018
1610612764,203078,2018
1610612764,203107,2018
1610612764,101133,2018
1610612764,1628421,2018
1610612764,1626184,2018
1610612764,1626155,2018
1610612764,201145,2018
1610612764,2772,2018
1610612764,203895,2018
1610612764,203953,2018
1610612766,1629122,2018
1610612766,101107,2018
1610612739,1626224,2018
1610612739,1626204,2018
1610612739,1627790,2018
1610612739,202688,2018
1610612739,1629012,2018
1610612739,203903,2018
1610612739,1627737,2018
1610612739,1628021,2018
1610612739,203917,2018
1610612739,101112,2018
1610612739,1629061,2018
1610612739,201567,2018
1610612747,202362,2018
1610612743,1628399,2018
1610612743,1629164,2018
1610612743,1629118,2018
1610612746,1628405,2018
1610612746,1629116,2018
1610612748,203585,2018
1610612739,202684,2018
1610612752,1626144,2018
1610612764,202325,2018
1610612763,1628605,2018
1610612756,203933,2018
1610612748,1626196,2018
1610612741,1627739,2018
1610612765,1629004,2018
1610612763,202685,2018
1610612756,1629028,2018
1610612738,202328,2018
1610612737,203473,2018
1610612747,2544,2018
1610612747,203159,2018
1610612741,1628976,2018
1610612763,202340,2018
1610612749,1628978,2018
1610612741,1628374,2018
1610612741,203897,2018
1610612757,203994,2018
1610612752,1628373,2018
1610612755,1628383,2018
1610612737,1629168,2018
1610612742,203501,2018
1610612747,1628404,2018
1610612747,201281,2018
1610612756,204020,2018
1610612740,201160,2018
1610612752,1629019,2018
1610612739,203521,2018
1610612749,2200,2018
1610612749,1626174,2018
1610612737,203092,2018
1610612741,203490,2018
1610612750,201565,2018
1610612763,101139,2018
1610612756,1626162,2018
1610612752,203943,2018
1610612762,203957,2018
1610612751,203459,2018
1610612745,1629053,2018
1610612745,203093,2018
1610612766,203469,2018
1610612760,1629055,2018
1610612750,201952,2018
1610612740,202734,2018
1610612753,1628515,2018
1610612737,1627816,2018
1610612740,201950,2018
1610612747,1627742,2018
1610612749,1628979,2018
1610612749,203477,2018
1610612737,1629016,2018
1610612740,204025,2018
1610612751,1628769,2018
1610612750,2736,2018
1610612737,1626296,2018
1610612748,1629150,2018
1610612750,203477,2018
1610612760,203816,2018
1610612760,204076,2018
1610612756,1628393,2018
1610612763,1628991,2018
1610612737,202391,2018
1610612739,1628417,2018
1610612764,203098,2018
1610612761,202328,2018
1610612763,203937,2018
1610612763,1628415,2018
1610612745,203516,2018
1610612745,1627737,2018
1610612745,202688,2018
1610612764,203490,2018
1610612742,203084,2018
1610612751,1628249,2018
1610612740,202325,2018
1610612740,202703,2018
1610612741,203953,2018
1610612741,1626171,2018
1610612746,202340,2018
1610612746,202699,2018
1610612746,101162,2018
1610612746,203118,2018
1610612746,1626246,2018
1610612739,202692,2018
1610612739,1627735,2018
1610612747,1627826,2018
1610612747,201563,2018
1610612747,1629004,2018
1610612765,203493,2018
1610612765,1626169,2018
1610612752,202083,2018
1610612752,202683,2018
1610612761,1626153,2018
1610612761,101139,2018
1610612755,203488,2018
1610612755,1629013,2018
1610612763,202714,2018
1610612763,201188,2018
1610612763,203210,2018
1610612760,203518,2018
1610612748,204020,2018
1610612748,201961,2018
1610612757,1628403,2018
1610612756,201583,2018
1610612756,1629150,2018
1610612749,1627748,2018
1610612737,1627772,2018
1610612755,201147,2018
1610612737,1628416,2018
1610612739,203918,2018
1610612739,1628424,2018
1610612753,1628964,2018
1610612763,202066,2018
1610612755,201163,2018
1610612749,201160,2018
1610612766,1629147,2018
1610612742,202083,2018
1610612742,201599,2018
1610612742,1628372,2018
1610612752,203504,2018
1610612752,203501,2018
1610612752,201584,2018
1610612764,1627780,2018
1610612757,1627735,2018
1610612757,203917,2018
1610612765,203564,2018
1610612760,1627789,2018
1610612753,203613,2018
1610612756,203112,2018
1610612763,201956,2018
1610612739,1626166,2018
1610612754,203506,2018
1610612761,1627781,2018
1610612747,1628366,2018
1610612745,203263,2018
1610612765,1627740,2018
1610612751,202702,2018
1610612739,1627883,2018
1610612742,200826,2018
1610612750,203263,2018
1610612764,1627758,2018
1610612761,203485,2018
1610612745,203487,2050
1610612739,1627775,2018
1610612755,1627743,2018
1610612737,203101,2018
1610612741,203200,2018
1610612741,1626166,2018
1610612763,1627782,2018
1610612763,202705,2018
1610612756,203961,1900
1610612746,1628462,2018
1610612750,203496,2018
1610612740,1629129,2018
1610612740,1626150,2018
1610612764,202693,2018
1610612743,201156,2018
1610612764,202322,2018
1610612765,1629037,2018
1610612749,1628537,2018
1610612764,1627855,2018
1610612743,1629152,2018
1610612764,1626162,2018
1610612764,203085,2018
1610612756,2772,2018
1610612761,202685,2050
1610612752,1627758,2018
1610612765,1629155,2018
1610612756,1628994,2018
1610612763,203474,2018
1610612749,203521,2018
1610612739,201588,2018
1610612764,201160,2018
1610612739,1626150,2018
1610612754,1628387,2018
1610612739,1626155,2018
1610612760,1629093,2018
1610612756,203477,2018
1610612739,2594,2050
1610612762,202692,2018
1610612764,2730,2018
1610612755,1628365,2018
1610612739,2747,2018
1610612749,203089,2018
1610612745,2546,2018
1610612750,202710,2018
1610612755,203496,2018
1610612755,203967,2018
1610612756,2199,2018
1610612763,1626150,2018
1610612745,1627753,2018
1610612742,1629034,2018
1610612746,201601,2018
1610612741,1627755,2018
1610612739,204066,2018
1610612750,1628383,2018
1610612757,1628419,2018
1610612757,1627778,2018
1610612757,1627780,2018
1610612765,203687,2018
1610612739,1629150,2018
1610612739,1629045,2018
1610612739,1629009,1900
1610612739,1627819,2018
1610612747,204037,2018
1610612747,1629050,2018
1610612745,1629102,2018
1610612745,1629285,2018
1610612745,1629260,2018
1610612745,203998,2018
1610612763,1629156,2018
1610612763,1629164,2018
1610612763,1629078,2018
1610612750,203130,2018
1610612750,1629236,2018
1610612749,203092,2018
1610612766,1629146,2018
1610612742,1629142,2018
1610612743,202918,2018
1610612741,1628499,2018
1610612741,1629232,2018
1610612741,1628476,2018
1610612753,1629132,2018
1610612753,202389,2018
1610612737,1626154,2018
1610612737,203080,2018
1610612737,1629190,2018
1610612748,1627362,2018
1610612748,204192,2018
1610612748,1628681,2018
1610612748,203950,2018
1610612752,1629352,2018
1610612752,201149,2018
1610612752,204001,2018
1610612762,1629131,1900
1610612762,1627766,2018
1610612762,1629036,2018
1610612761,1627770,2050
1610612761,1627858,2018
1610612761,1629061,2018
1610612740,101127,2018
1610612740,201582,2018
1610612740,203629,2018
1610612740,1629000,2018
1610612740,202721,2018
1610612740,1627786,2018
1610612748,202732,2050
1610612748,1628429,2018
1610612744,1627755,2018
1610612744,203805,2018
1610612744,1627863,2018
1610612744,1629134,2018
1610612754,1629136,2018
1610612754,1628500,2018
1610612754,204179,2018
1610612756,1627885,2018
1610612756,1628432,2018
1610612751,1629162,2018
1610612751,1629245,2018
1610612764,202730,2018
1610612764,1629185,2018
1610612764,1629186,2018
1610612764,201975,2018
1610612765,1629148,2018
1610612743,1629008,2018
1610612743,202388,2018
1610612746,1628393,2018
1610612746,202325,2018
1610612746,1629184,2018
1610612749,203498,2018
1610612760,203583,2018
1610612760,203909,2018
1610612760,1628576,2050
1610612760,203460,2018
1610612742,1627883,2018
1610612742,1629149,2018
1610612755,2731,2018
1610612755,1626148,2018
1610612755,201573,2018
1610612755,203658,2018
1610612741,201600,2018
1610612741,1627756,2018
1610612766,1628965,2018
1610612766,1629145,2018
1610612754,203912,2018
1610612739,1626260,1900
1610612756,201589,2018
1610612745,1629154,2018
1610612763,1629226,2018
1610612747,1629137,2018
1610612738,1627215,2018
1610612738,1627875,2018
1610612738,1629166,2018
1610612738,1629165,2018
1610612738,1628444,2018
1610612765,1626191,2018
1610612737,202332,2018
1610612748,1629005,2018
1610612752,1629246,2018
1610612748,1629159,2018
1610612762,1629163,2018
1610612743,1629150,2018
1610612738,1629167,2018
1610612744,201142,2017
1610612744,203110,2017
1610612744,201580,2017
1610612744,202691,2017
1610612744,201939,2017
1610612744,2738,2017
1610612744,1628395,2017
1610612744,2733,2017
1610612744,201156,2017
1610612744,2561,2017
1610612744,1626172,2017
1610612744,2585,2017
1610612744,1627775,2017
1610612739,2544,2017
1610612739,201567,2017
1610612739,202684,2017
1610612739,2747,2017
1610612739,201588,2017
1610612739,203918,2017
1610612739,201145,2017
1610612739,2594,2017
1610612739,1626204,2017
1610612739,1626224,2017
1610612739,101181,2017
1610612739,1627790,2017
1610612739,203903,2017
1610612744,1626188,2017
1610612745,2772,2017
1610612745,200782,2017
1610612745,203991,2017
1610612745,201569,2017
1610612745,201935,2017
1610612745,101123,2017
1610612745,201583,2017
1610612745,2207,2017
1610612745,204028,2017
1610612745,1628935,2017
1610612745,201601,2017
1610612745,2403,2017
1610612745,101108,2017
1610612739,2570,2017
1610612738,1628369,2017
1610612738,201143,2017
1610612738,203382,2017
1610612738,1627759,2017
1610612738,1626179,2017
1610612738,202694,2017
1610612738,203935,2017
1610612738,203499,2017
1610612738,202328,2017
1610612738,1627846,2017
1610612738,1628400,2017
1610612738,1627824,2017
1610612744,1627745,2017
1610612755,200755,2017
1610612755,203967,2017
1610612755,203954,2017
1610612755,204456,2017
1610612755,1627732,2017
1610612755,201158,2017
1610612755,101141,2017
1610612755,203496,2017
1610612755,1626147,2017
1610612755,201573,2017
1610612755,1628365,2017
1610612755,1626158,2017
1610612755,101161,2017
1610612762,204060,2017
1610612762,203109,2017
1610612762,203497,2017
1610612762,1626220,2017
1610612762,1628378,2017
1610612762,203526,2017
1610612762,202324,2017
1610612762,202692,2017
1610612762,201973,2017
1610612762,1628396,2017
1610612762,204065,2017
1610612762,202327,2017
1610612740,202734,2017
1610612740,202703,2017
1610612740,203076,2017
1610612740,201950,2017
1610612740,200765,2017
1610612740,203546,2017
1610612740,203121,2017
1610612740,203524,2017
1610612740,202348,2017
1610612740,1627767,2017
1610612740,1628402,2017
1610612740,202732,2017
1610612740,2731,2017
1610612761,101139,2017
1610612761,1628384,2017
1610612761,201586,2017
1610612761,201942,2017
1610612761,200768,2017
1610612761,1627832,2017
1610612761,202685,2017
1610612761,1627783,2017
1610612761,1626153,2017
1610612761,203512,2017
1610612761,1626181,2017
1610612761,1627751,2017
1610612761,203485,2017
1610612762,203957,2017
1610612754,202711,2017
1610612754,201152,2017
1610612754,1626167,2017
1610612754,203506,2017
1610612754,201954,2017
1610612754,1627734,2017
1610612754,202362,2017
1610612754,202709,2017
1610612754,202344,2017
1610612754,2744,2017
1610612754,1628388,2017
1610612754,203922,2017
1610612754,1626202,2017
1610612749,203114,2017
1610612749,203507,2017
1610612749,1627748,2017
1610612749,1627763,2017
1610612749,202339,2017
1610612749,203953,2017
1610612749,203521,2017
1610612749,203092,2017
1610612749,203503,2017
1610612749,1891,2017
1610612749,203498,2017
1610612749,1628425,2017
1610612749,201943,2017
1610612764,1626162,2017
1610612764,202693,2017
1610612764,101162,2017
1610612764,203078,2017
1610612764,202322,2017
1610612764,203118,2017
1610612764,101133,2017
1610612764,203107,2017
1610612764,201951,2017
1610612764,204025,2017
1610612764,1626191,2017
1610612764,201196,2017
1610612764,201160,2017
1610612760,202331,2017
1610612760,2546,2017
1610612760,203500,2017
1610612760,201147,2017
1610612760,201566,2017
1610612760,203924,2017
1610612760,203518,2017
1610612760,203962,2017
1610612760,101109,2017
1610612760,202335,2017
1610612760,2555,2017
1610612760,1628390,2017
1610612760,1626177,2017
1610612762,201937,2017
1610612750,203952,2017
1610612750,201959,2017
1610612750,1626157,2017
1610612750,202710,2017
1610612750,201952,2017
1610612750,1626145,2017
1610612750,203476,2017
1610612750,2037,2017
1610612750,202357,2017
1610612750,201565,2017
1610612750,1627875,2017
1610612750,202332,2017
1610612750,201166,2017
1610612745,1627753,2017
1610612764,203490,2017
1610612764,201975,2017
1610612761,1628035,2017
1610612748,1626196,2017
1610612748,201949,2017
1610612748,202355,2017
1610612748,204020,2017
1610612748,201609,2017
1610612748,203585,2017
1610612748,1628389,2017
1610612748,1626159,2017
1610612748,203482,2017
1610612748,201961,2017
1610612748,2548,2017
1610612748,202337,2017
1610612748,2617,2017
1610612755,1627789,2017
1610612757,202323,2017
1610612757,202329,2017
1610612757,203994,2017
1610612757,203468,2017
1610612757,203081,2017
1610612757,1627735,2017
1610612757,1626192,2017
1610612757,202334,2017
1610612757,1628380,2017
1610612757,1627774,2017
1610612757,203086,2017
1610612757,203894,2017
1610612757,1628403,2017
1610612754,1627816,2017
1610612757,203090,2017
1610612745,1627778,2017
1610612749,203089,2017
1610612755,1627788,2017
1610612743,201163,2017
1610612743,200794,2017
1610612743,203999,2017
1610612743,203115,2017
1610612743,1627750,2017
1610612743,203914,2017
1610612743,203486,2017
1610612743,2734,2017
1610612743,1628470,2017
1610612743,201589,2017
1610612743,1627736,2017
1610612743,2210,2017
1610612743,1626168,2017
1610612745,1626154,2017
1610612762,1627777,2017
1610612747,1628404,2017
1610612747,203944,2017
1610612747,201572,2017
1610612747,203484,2017
1610612747,1627936,2017
1610612747,201281,2017
1610612747,1627780,2017
1610612747,203898,2017
1610612747,1627826,2017
1610612747,204037,2017
1610612747,1628418,2017
1610612747,101112,2017
1610612746,202325,2017
1610612746,202699,2017
1610612746,201599,2017
1610612746,1628414,2017
1610612746,203085,2017
1610612746,1627820,2017
1610612746,203710,2017
1610612746,1626149,2017
1610612746,1626155,2017
1610612746,1626246,2017
1610612746,201568,2017
1610612746,101150,2017
1610612763,1628415,2017
1610612763,1628397,2017
1610612763,1627738,2017
1610612763,203463,2017
1610612763,1628424,2017
1610612763,204179,2017
1610612763,202705,2017
1610612763,201596,2017
1610612763,1627988,2017
1610612763,203210,2017
1610612763,1626150,2017
1610612763,1626185,2017
1610612763,1627782,2017
1610612760,1627772,2017
1610612740,1628429,2017
1610612765,1626169,2017
1610612765,201229,2017
1610612765,203961,2017
1610612765,1628379,2017
1610612765,202704,2017
1610612765,203516,2017
1610612765,1627740,2017
1610612765,202397,2017
1610612765,204038,2017
1610612765,1627770,2017
1610612765,203687,2017
1610612765,202779,2017
1610612765,2749,2017
1610612741,1628021,2017
1610612741,1628374,2017
1610612741,1626245,2017
1610612741,203930,2017
1610612741,1626166,2017
1610612741,1626170,2017
1610612741,1626171,2017
1610612741,1627853,2017
1610612741,201600,2017
1610612741,203200,2017
1610612741,201577,2017
1610612764,1628421,2017
1610612753,1626209,2017
1610612753,203932,2017
1610612753,202696,2017
1610612753,1628411,2017
1610612753,201571,2017
1610612753,1628503,2017
1610612753,203082,2017
1610612753,201167,2017
1610612753,203920,2017
1610612753,202687,2017
1610612753,202714,2017
1610612753,1628681,2017
1610612753,201578,2017
1610612748,1627884,2017
1610612752,201563,2017
1610612752,202498,2017
1610612752,203124,2017
1610612752,203504,2017
1610612752,1628373,2017
1610612752,1628422,2017
1610612752,1628436,2017
1610612752,1628439,2017
1610612752,101127,2017
1610612752,203501,2017
1610612752,201584,2017
1610612739,204066,2017
1610612739,1628506,2017
1610612751,203459,2017
1610612751,1626178,2017
1610612751,1628386,2017
1610612751,1627747,2017
1610612751,1626156,2017
1610612751,203917,2017
1610612751,203112,2017
1610612751,201967,2017
1610612751,1628495,2017
1610612751,1627821,2017
1610612751,202389,2017
1610612751,203925,2017
1610612751,1626143,2017
1610612738,1628444,2017
1610612738,1626780,2017
1610612738,1628443,2017
1610612766,203077,2017
1610612766,101107,2017
1610612766,2730,2017
1610612766,201587,2017
1610612766,202689,2017
1610612766,203087,2017
1610612766,1626163,2017
1610612766,1628370,2017
1610612766,202933,2017
1610612766,1626195,2017
1610612766,1627779,2017
1610612766,1628407,2017
1610612754,1628410,2017
1610612754,1628387,2017
1610612737,1627752,2017
1610612737,1628381,2017
1610612737,203473,2017
1610612737,1627761,2017
1610612737,1627814,2017
1610612737,1627819,2017
1610612737,203101,2017
1610612737,203488,2017
1610612737,1628416,2017
1610612737,1628499,2017
1610612737,1628463,2017
1610612737,203705,2017
1610612737,1628510,2017
1610612756,1627863,2017
1610612756,1627733,2017
1610612756,203458,2017
1610612756,1628432,2017
1610612756,1627885,2017
1610612756,1627755,2017
1610612756,201162,2017
1610612756,1628409,2017
1610612756,1626164,2017
1610612756,203584,2017
1610612756,1628367,2017
1610612742,1627827,2017
1610612742,1628405,2017
1610612742,203939,2017
1610612742,1626151,2017
1610612742,1627858,2017
1610612742,1627883,2017
1610612742,1628467,2017
1610612742,1627812,2017
1610612742,203926,2017
1610612742,1626257,2017
1610612742,203457,2017
1610612745,1627817,2017
1610612749,1628391,2017
1610612761,1626259,2017
1610612741,203943,2017
1610612751,203915,2017
1610612742,203084,2017
1610612742,1628372,2017
1610612737,202379,2017
1610612765,203083,2017
1610612763,201188,2017
1610612747,1628366,2017
1610612757,1627834,2017
1610612749,204098,2017
1610612749,1627850,2017
1610612743,1627823,2017
1610612753,1628371,2017
1610612737,1628537,2017
1610612752,1626144,2017
1610612756,1627737,2017
1610612747,1628398,2017
1610612755,1627743,2017
1610612765,203493,2017
1610612742,200826,2017
1610612748,1626175,2017
1610612748,1628476,2017
1610612738,202918,2017
1610612763,203104,2017
1610612740,203580,2017
1610612747,2736,2017
1610612747,1627742,2017
1610612756,1626210,2017
1610612742,1717,2017
1610612751,201960,2017
1610612756,2199,2017
1610612743,202702,2017
1610612763,202718,2017
1610612750,1628383,2017
1610612750,1626148,2017
1610612746,1628393,2017
1610612741,1627756,2017
1610612766,1626203,2017
1610612752,1627786,2017
1610612750,1628518,2017
1610612737,203471,2017
1610612752,202683,2017
1610612746,1628462,2017
1610612756,203901,2017
1610612763,1627744,2017
1610612765,201933,2017
1610612747,202738,2017
1610612741,1627835,2017
1610612746,203930,2017
1610612763,201936,2017
1610612763,1627362,2017
1610612766,1628493,2017
1610612741,1628469,2017
1610612755,203923,2017
1610612766,203469,2017
1610612753,203613,2017
1610612742,1627866,2017
1610612762,1628571,2017
1610612744,1628449,2017
1610612756,203933,2017
1610612751,1627785,2017
1610612761,1628502,2017
1610612744,201956,2017
1610612747,202682,2017
1610612741,203897,2017
1610612741,1627739,2017
1610612738,202681,2017
1610612740,1627215,2017
1610612763,1628504,2017
1610612738,1628464,2017
1610612742,202083,2017
1610612737,203145,2017
1610612737,1627098,2017
1610612746,202340,2017
1610612753,203095,2017
1610612741,204067,2017
1610612742,203816,2017
1610612762,1628513,2017
1610612766,203487,2017
1610612745,201148,2017
1610612760,202713,2017
1610612753,1626173,2017
1610612754,203590,2017
1610612749,203930,2017
1610612755,202344,2017
1610612747,201147,2017
1610612750,203498,2017
1610612742,203552,2017
1610612737,101141,2017
1610612743,1628420,2017
1610612756,1627982,2017
1610612754,1628500,2017
1610612745,203900,2017
1610612760,1628408,2017
1610612761,1627781,2017
1610612740,1628455,2017
1610612737,201158,2017
1610612742,201177,2017
1610612739,203109,2017
1610612739,202738,2017
1610612739,101112,2017
1610612739,201565,2017
1610612762,203918,2017
1610612762,2207,2017
1610612763,203516,2017
1610612763,201148,2017
1610612751,1626173,2017
1610612765,203186,2017
1610612739,2548,2017
1610612739,202697,2017
1610612753,203901,2017
1610612737,202337,2017
1610612752,204001,2017
1610612752,203926,2017
1610612752,1626195,2017
1610612747,203903,2017
1610612747,1626204,2017
1610612766,203948,2017
1610612743,1626144,2017
1610612742,2734,2017
1610612740,201967,2017
1610612757,203943,2017
1610612749,1626173,2017
1610612751,203092,2017
1610612765,1627744,2017
1610612745,1627786,2017
1610612741,202347,2017
1610612756,203477,2017
1610612740,201600,2017
1610612740,2749,2017
1610612740,2754,2017
1610612752,1627758,2017
1610612756,202328,2017
1610612755,203580,2017
1610612738,204067,2017
1610612765,202699,2017
1610612765,202340,2017
1610612765,1626246,2017
1610612747,1628502,2017
1610612746,201933,2017
1610612746,203186,2017
1610612740,202326,2017
1610612741,202703,2017
1610612760,203460,2017
1610612752,201149,2017
1610612765,1626242,2017
1610612762,200757,2017
1610612745,1627362,2017
1610612752,201196,2017
1610612746,1627744,2017
1610612754,2863,2017
1610612749,202732,2017
1610612747,101106,2017
1610612755,203949,2017
1610612745,201628,2017
1610612751,1628451,2017
1610612747,203505,2017
1610612755,1626643,2017
1610612748,1628475,2017
1610612761,203998,2017
1610612746,203966,2017
1610612749,1627762,2017
1610612753,203940,2017
1610612763,1626205,2017
1610612745,1627743,2017
1610612748,203079,2017
1610612756,1628455,2017
1610612762,203489,2017
1610612742,1628499,2017
1610612742,203481,2017
1610612741,1627770,2017
1610612749,1627780,2017
1610612740,1627883,2017
1610612751,1628473,2017
1610612737,1627852,2017
1610612751,202344,2017
1610612751,203930,2017
1610612755,203917,2017
1610612743,1628399,2017
1610612755,1626143,2017
1610612748,1627855,2017
1610612756,1627884,2017
1610612746,201976,2017
1610612765,202720,2017
1610612742,1628492,2017
1610612763,201144,2017
1610612740,2746,2017
1610612752,1627851,2017
1610612749,203141,2017
1610612764,203467,2017
1610612745,203477,2017
1610612749,202328,2017
1610612756,202339,2017
1610612764,1628454,2017
1610612751,202391,2017
1610612738,202330,2017
1610612745,1627863,2017
1610612745,1628419,2017
1610612747,1627362,2017
1610612746,1628528,2017
1610612746,1627850,2017
1610612744,1627777,2017
1610612744,1627771,2017
1610612765,2757,2017
1610612749,201202,2017
1610612749,101123,2017
1610612748,202732,2017
1610612748,1628571,2017
1610612748,1627773,2017
1610612748,203183,2017
1610612755,2731,2017
1610612755,1628511,2017
1610612755,2743,2017
1610612739,1627770,2017
1610612739,1628554,2017
1610612739,2210,2017
1610612753,204014,2017
1610612753,203564,2017
1610612740,201582,2017
1610612740,203103,2017
1610612740,1626146,2017
1610612763,1627735,2017
1610612763,1627825,2017
1610612763,1628677,2017
1610612764,1627815,2017
1610612764,202388,2017
1610612752,1628502,2017
1610612752,1628504,2017
1610612742,203146,2017
1610612742,1626165,2017
1610612742,1628408,2017
1610612766,1628516,2017
1610612766,1628494,2017
1610612766,1628439,2017
1610612766,1628517,2017
1610612761,203909,2017
1610612761,204310,2017
1610612741,1627754,2017
1610612741,1628575,2017
1610612741,1628460,2017
1610612737,1626188,2017
1610612748,203580,2017
1610612757,201627,2017
1610612757,1628515,2017
1610612757,203462,2017
1610612757,203912,2017
1610612756,202407,2017
1610612756,202688,2017
1610612745,1627819,2017
1610612745,203187,2017
1610612745,1628437,2017
1610612751,204064,2017
1610612751,1628496,2017
1610612738,1628679,2017
1610612738,1628433,2017
1610612738,1626182,2017
1610612738,1628510,2017
1610612765,1628477,2017
1610612765,1628491,2017
1610612739,204002,2017
1610612753,1628505,2017
1610612760,203477,2017
1610612760,1628576,2017
1610612760,203900,2017
1610612760,203902,2017
1610612760,1628577,2017
1610612743,2749,2017
1610612743,2735,2017
1610612762,1627762,2017
1610612762,1628680,2017
1610612762,203547,2017
1610612754,203199,2017
1610612754,1627784,2017
1610612750,1628453,2017
1610612764,1627849,2017
1610612746,1628176,2017
1610612747,1628431,2017
1610612747,1627757,2017
1610612749,201575,2017
1610612749,203088,2017
1610612756,203461,2017
1610612756,1628514,2017
1610612762,1628579,2017
1610612737,203098,2017
1610612737,1628535,2017
1610612744,162777,2017
1610612761,202360,2017
1610612761,1627787,2017
1610612761,1628452,2017
1610612766,1962937755,2017
1610612749,203923,2017
1610612763,1628456,2017
1610612752,1628503,2017
1610612738,1628241,2017
1610612744,1628499,2017
1610612744,1628174,2017
1610612739,2544,2016
1610612739,201567,2016
1610612739,202684,2016
1610612739,2747,2016
1610612739,202681,2016
1610612739,2210,2016
1610612739,2594,2016
1610612739,101114,2016
1610612739,202697,2016
1610612739,101112,2016
1610612739,2563,2016
1610612739,2592,2016
1610612739,202682,2016
1610612744,201142,2016
1610612744,203110,2016
1610612744,2585,2016
1610612744,202691,2016
1610612744,201939,2016
1610612744,2738,2016
1610612744,2733,2016
1610612744,1627775,2016
1610612744,2440,2016
1610612744,2561,2016
1610612744,203546,2016
1610612744,203949,2016
1610612744,201580,2016
1610612738,203109,2016
1610612738,203482,2016
1610612738,201143,2016
1610612738,202340,2016
1610612738,203935,2016
1610612738,201973,2016
1610612738,1626179,2016
1610612738,1627759,2016
1610612738,101123,2016
1610612738,101161,2016
1610612738,203092,2016
1610612738,203923,2016
1610612738,1626175,2016
1610612744,1627745,2016
1610612738,202738,2016
1610612764,203490,2016
1610612764,202693,2016
1610612764,101162,2016
1610612764,203078,2016
1610612764,202322,2016
1610612764,202711,2016
1610612764,101133,2016
1610612764,201943,2016
1610612764,1626162,2016
1610612764,201160,2016
1610612764,1627815,2016
1610612764,203107,2016
1610612764,203504,2016
1610612745,201569,2016
1610612745,2772,2016
1610612745,203991,2016
1610612745,201976,2016
1610612745,201935,2016
1610612745,201583,2016
1610612745,101150,2016
1610612745,1626155,2016
1610612745,1627786,2016
1610612745,1627819,2016
1610612745,1626149,2016
1610612745,201628,2016
1610612745,1627778,2016
1610612745,1627787,2016
1610612762,202330,2016
1610612762,2564,2016
1610612762,203497,2016
1610612762,204060,2016
1610612762,202714,2016
1610612762,2207,2016
1610612762,203918,2016
1610612762,203526,2016
1610612762,203957,2016
1610612762,202324,2016
1610612762,1626168,2016
1610612762,1627762,2016
1610612762,203481,2016
1610612761,200782,2016
1610612761,201586,2016
1610612761,202685,2016
1610612761,201942,2016
1610612761,202709,2016
1610612761,1627832,2016
1610612761,1626181,2016
1610612761,202335,2016
1610612761,201960,2016
1610612761,203512,2016
1610612761,1627751,2016
1610612761,1627783,2016
1610612761,1626153,2016
1610612745,2403,2016
1610612761,200768,2016
1610612764,1627849,2016
1610612762,201588,2016
1610612746,203085,2016
1610612746,201601,2016
1610612746,201599,2016
1610612746,200755,2016
1610612746,101108,2016
1610612746,1718,2016
1610612746,2037,2016
1610612746,101109,2016
1610612746,201578,2016
1610612746,101187,2016
1610612746,101138,2016
1610612746,1627744,2016
1610612746,202325,2016
1610612737,1627752,2016
1610612737,200794,2016
1610612737,2730,2016
1610612737,203501,2016
1610612737,203471,2016
1610612737,203145,2016
1610612737,101141,2016
1610612737,2399,2016
1610612737,101181,2016
1610612737,203488,2016
1610612737,1627098,2016
1610612737,2743,2016
1610612737,200757,2016
1610612741,202710,2016
1610612741,202703,2016
1610612741,201577,2016
1610612741,2548,2016
1610612741,203477,2016
1610612741,1626171,2016
1610612741,1627835,2016
1610612741,201627,2016
1610612741,1626245,2016
1610612741,1627756,2016
1610612741,203530,2016
1610612741,203487,2016
1610612741,1626170,2016
1610612749,203114,2016
1610612749,203507,2016
1610612749,1627748,2016
1610612749,203503,2016
1610612749,1627763,2016
1610612749,202328,2016
1610612749,203521,2016
1610612749,203089,2016
1610612749,1891,2016
1610612749,201563,2016
1610612749,201150,2016
1610612749,203141,2016
1610612749,1626173,2016
1610612763,203516,2016
1610612763,2216,2016
1610612763,201188,2016
1610612763,1713,2016
1610612763,201144,2016
1610612763,1626150,2016
1610612763,203210,2016
1610612763,1627782,2016
1610612763,203584,2016
1610612763,1627735,2016
1610612763,1627738,2016
1610612763,1626185,2016
1610612763,201148,2016
1610612760,203460,2016
1610612760,201959,2016
1610612760,203500,2016
1610612760,203506,2016
1610612760,201566,2016
1610612760,203518,2016
1610612760,203926,2016
1610612760,203924,2016
1610612760,202683,2016
1610612760,202708,2016
1610612760,2555,2016
1610612760,1627734,2016
1610612760,202713,2016
1610612757,202323,2016
1610612757,203090,2016
1610612757,203086,2016
1610612757,203468,2016
1610612757,203081,2016
1610612757,202329,2016
1610612757,203459,2016
1610612757,203943,2016
1610612757,203894,2016
1610612757,1626192,2016
1610612757,1627774,2016
1610612757,1627817,2016
1610612757,203994,2016
1610612754,202331,
1610612754,201152,2016
1610612754,1626167,2016
1610612754,101139,2016
1610612754,201952,2016
1610612754,202338,2016
1610612754,202362,2016
1610612754,202730,2016
1610612754,101145,2016
1610612754,203922,2016
1610612754,201166,2016
1610612754,1626176,2016
1610612754,2744,2016
1610612746,1627754,2016
1610612741,1626166,2016
1610612746,201933,2016
1610612760,203902,2016
1610612741,200765,2016
1610612762,202692,2016
1610612754,1626202,2016
1610612750,203952,2016
1610612750,203476,2016
1610612750,1626157,2016
1610612750,201575,2016
1610612750,1627739,2016
1610612750,201956,2016
1610612750,203498,2016
1610612750,202332,2016
1610612750,1626145,2016
1610612750,203940,2016
1610612750,202357,2016
1610612750,201941,2016
1610612750,201937,2016
1610612740,201967,2016
1610612740,203524,2016
1610612740,201582,2016
1610612740,201950,2016
1610612740,204025,2016
1610612740,202700,2016
1610612740,202734,2016
1610612740,1626188,2016
1610612740,1627767,2016
1610612740,202348,2016
1610612740,1626253,2016
1610612740,202326,2016
1610612740,203076,2016
1610612747,1627742,2016
1610612747,1626204,2016
1610612747,203944,2016
1610612747,203898,2016
1610612747,203903,
1610612747,203080,2016
1610612747,204028,2016
1610612747,1628021,2016
1610612747,201147,2016
1610612747,1897,2016
1610612747,2736,2016
1610612747,202389,2016
1610612747,201156,2016
1610612765,1626169,2016
1610612765,202720,2016
1610612765,203083,2016
1610612765,203484,2016
1610612765,202397,2016
1610612765,1626246,2016
1610612765,202699,2016
1610612765,1626199,2016
1610612765,203493,2016
1610612765,1627740,2016
1610612765,203382,2016
1610612765,202694,2016
1610612765,2757,2016
1610612753,203082,2016
1610612753,203932,
1610612753,202696,2016
1610612753,203095,2016
1610612753,203901,2016
1610612753,1626209,2016
1610612753,201571,2016
1610612753,202687,2016
1610612753,201975,2016
1610612753,1627868,2016
1610612753,1627875,2016
1610612753,1627757,2016
1610612753,204014,2016
1610612737,1627761,2016
1610612737,203527,2016
1610612743,1627823,2016
1610612743,203486,2016
1610612743,203999,2016
1610612743,1627736,2016
1610612743,1627750,2016
1610612743,201589,2016
1610612743,2034,2016
1610612743,203115,2016
1610612743,201163,2016
1610612743,202702,2016
1610612743,203914,
1610612743,201579,2016
1610612760,203962,2016
1610612742,1627852,2016
1610612742,203939,2016
1610612742,203457,2016
1610612742,1627827,2016
1610612742,1627812,2016
1610612742,2734,2016
1610612742,202732,2016
1610612742,1626257,2016
1610612742,1627784,2016
1610612742,1627773,2016
1610612742,203084,2016
1610612742,202083,2016
1610612742,1717,2016
1610612763,2754,2016
1610612751,1627747,2016
1610612751,1626178,2016
1610612751,203120,2016
1610612751,200751,
1610612751,203915,2016
1610612751,1627785,2016
1610612751,203094,2016
1610612751,203462,2016
1610612751,203909,2016
1610612751,202344,2016
1610612751,202391,2016
1610612751,201572,2016
1610612764,1626191,2016
1610612748,203585,2016
1610612748,201949,2016
1610612748,202355,2016
1610612748,1626196,2016
1610612748,201609,2016
1610612748,204020,2016
1610612748,201961,2016
1610612748,1627855,2016
1610612748,203186,2016
1610612748,2617,2016
1610612748,,2016
1610612748,201177,2016
1610612748,203079,2016
1610612755,1626147,2016
1610612755,,2016
1610612755,1626158,2016
1610612755,1627789,2016
1610612755,204456,2016
1610612755,201945,2016
1610612755,203917,2016
1610612755,1627848,2016
1610612755,201168,2016
1610612755,,2016
1610612755,1626143,2016
1610612755,200771,2016
1610612755,203967,2016
1610612752,2546,2016
1610612752,1626254,2016
1610612752,1626195,2016
1610612752,1627758,
1610612752,201584,2016
1610612752,1627851,2016
1610612752,1626184,2016
1610612752,1627850,2016
1610612752,203200,2016
1610612752,2756,2016
1610612752,203124,2016
1610612752,201149,2016
1610612749,1627780,2016
1610612761,203998,2016
1610612739,204002,2016
1610612766,203077,2016
1610612766,101107,2016
1610612766,,2016
1610612766,201587,2016
1610612766,203148,2016
1610612766,1626163,2016
1610612766,1627362,2016
1610612766,203101,2016
1610612766,1626203,2016
1610612766,203087,2016
1610612766,1626174,2016
1610612766,203948,2016
1610612766,202689,2016
1610612743,1626144,2016
1610612742,200826,2016
1610612756,203933,2016
1610612756,1627737,2016
1610612756,203458,2016
1610612756,1627884,2016
1610612756,1627755,2016
1610612756,1627733,2016
1610612756,101179,2016
1610612756,1626210,2016
1610612756,202407,2016
1610612756,202339,2016
1610612756,1626164,2016
1610612756,201162,2016
1610612756,202688,2016
,1627771,2016
1610612753,201228,2016
1610612739,1627770,2016
1610612739,202336,2016
,1626156,2016
1610612743,201568,2016
1610612751,203112,2016
1610612766,201158,2016
,201600,2016
1610612756,204067,2016
1610612739,202732,2016
1610612752,204001,2016
1610612743,2749,2016
1610612744,1626172,2016
1610612756,2199,2016
1610612751,203930,2016
1610612753,203912,2016
1610612742,203552,2016
1610612749,203093,2016
1610612747,1627826,2016
1610612754,1627777,2016
1610612756,2571,2016
,201565,2016
1610612742,202412,2016
1610612755,201573,2016
1610612754,201155,2016
1610612765,202704,2016
1610612763,202718,2016
1610612752,202498,2016
1610612753,201145,2016
1610612738,1627743,2016
1610612740,1627782,2016
1610612750,202362,2016
1610612763,201962,2016
,202334,2016
1610612740,203138,2016
1610612755,202712,2016
1610612742,1626188,2016
1610612742,1627791,
1610612739,101106,2016
1610612740,202130,2016
1610612740,101127,2016
1610612751,203925,2016
1610612749,1626253,2016
,203954,2016
1610612739,203895,2016
1610612751,2449,2016
1610612744,1627362,2016
1610612752,201943,2016
1610612747,101181,2016
1610612737,203934,2016
1610612766,1627861,2016
1610612766,203492,2016
1610612740,201956,2016
1610612764,203094,2016
1610612764,201977,2016
1610612741,201959,2016
1610612741,203926,2016
1610612748,1627875,2016
1610612745,201147,2016
1610612745,203898,2016
1610612745,203909,2016
1610612737,203118,2016
1610612760,203530,2016
1610612760,201627,2016
1610612760,1626166,2016
1610612747,101150,2016
1610612747,1626273,2016
1610612756,200782,2016
1610612743,203948,2016
1610612761,203096,2016
1610612740,1627741,2016
1610612740,201936,2016
1610612740,204038,2016
1610612742,101114,2016
1610612742,101106,2016
1610612742,1626147,2016
1610612751,202711,2016
1610612751,1626191,2016
1610612755,101141,2016
1610612755,203457,2016
1610612755,1626184,2016
1610612753,201586,2016
1610612740,203093,2016
1610612761,203082,2016
1610612749,201579,2016
1610612743,203994,2016
1610612757,203486,2016
1610612749,203953,2016
1610612748,202682,2016
1610612750,203897,2016
1610612744,2760,2016
1610612766,201150,2016
1610612766,201196,2016
1610612766,201579,2016
1610612749,200779,2016
1610612749,203101,2016
1610612753,1626148,2016
1610612742,203510,2016
1610612763,1627786,2016
1610612737,202390,2016
1610612743,202087,2016
1610612748,1626159,2016
1610612751,203461,2016
1610612750,101249,2016
1610612753,202620,2016
1610612739,2399,2016
1610612737,2594,2016
1610612755,203138,2016
1610612766,1626151,2016
1610612742,1626780,2016
1610612756,203098,2016
1610612739,2365,2016
1610612741,1626154,2016
1610612740,1626148,2016
1610612751,1627812,2016
1610612740,203462,2016
1610612742,203112,2016
1610612764,1627863,2016
1610612743,203950,2016
1610612740,202362,2016
1610612751,202349,2016
1610612760,101141,2016
1610612737,204002,2016
1610612755,203924,2016
1610612757,203105,2016
1610612757,203511,2016
1610612757,201880,2016
1610612756,203462,2016
1610612747,1626148,2016
1610612747,201146,2016
1610612742,1627858,2016
1610612742,1627867,2016
1610612742,203710,2016
1610612743,203133,2016
1610612743,203489,2016
1610612745,203143,2016
1610612745,1627780,2016
1610612745,203798,2016
1610612766,1627881,2016
1610612766,1627768,2016
1610612750,2446,2016
1610612750,203315,2016
1610612755,1627760,2016
1610612755,203464,2016
1610612755,1627821,2016
1610612748,2757,2016
1610612748,1627362,2016
1610612748,1628041,2016
1610612748,1626242,2016
1610612761,203990,2016
1610612761,204029,2016
1610612761,1626213,2016
1610612761,203560,2016
1610612761,1627784,2016
1610612764,204067,2016
1610612764,203948,2016
1610612764,203810,2016
1610612748,2547,2016
1610612737,101198,2016
1610612737,203705,2016
1610612741,1627843,2016
1610612741,203915,2016
1610612740,202087,2016
1610612740,1627873,2016
1610612740,1627880,2016
1610612740,203135,2016
1610612753,203910,2016
1610612752,200811,2016
1610612752,1626160,2016
1610612742,1627902,2016
1610612752,203921,2016
1610612752,203996,2016
1610612738,1626154,2016
1610612738,1627791,2016
1610612738,1627875,2016
1610612738,1627883,2016
1610612738,1627814,2016
1610612762,203187,2016
1610612762,203156,2016
1610612744,202841,2016
1610612744,203515,2016
1610612744,202343,2016
1610612763,203474,2016
1610612763,204039,2016
1610612763,1626205,2016
1610612754,202933,2016
1610612754,202379,2016
1610612749,203111,2016
1610612749,1626266,2016
1610612749,1626294,2016
1610612765,203485,2016
1610612765,1627887,2016
1610612765,203492,2016
1610612739,204066,2016
1610612739,203928,2016
1610612739,1626182,2016
1610612739,203900,2016
1610612760,101179,2016
1610612760,203956,2016
1610612760,1627818,2016
1610612760,202130,2016
1610612760,202874,2016
1610612751,203268,2016
1610612751,201978,2016
1610612751,1627862,2016
1610612751,1627865,2016
1610612766,1627882,2016
1610612750,201593,2016
1610612760,1627936,2016
1610612737,1627856,2016
1610612737,101127,2016
1610612737,201168,2016
1610612753,1626146,2016
1610612753,1626183,2016
1610612753,203122,2016
1610612748,202728,2016
1610612748,1627841,2016
1610612763,203919,2016
1610612741,1627886,2016
1610612741,1627938,2016
1610612765,1627888,2016
1610612755,1882,2016
1610612755,1627732,2016
1610612754,1627816,2016
1610612754,1627878,2016
1610612739,201962,2016
1610612743,202810,2016
1610612743,203960,2016
1610612743,1626253,2016
1610612742,1627866,2016
1610612757,1626242,2016
1610612749,203487,2016
1610612762,1627779,2016
1610612762,201286,2016
1610612762,1627880,2016
1610612747,1627811,2016
1610612747,1627829,2016
1610612747,204037,2016
1610612746,204098,2016
1610612746,2748,2016
1610612740,202347,2016
1610612741,203503,2016
1610612756,1627836,2016
1610612756,1627496,2016
1610612756,1627885,2016
1610612744,1627765,2016
1610612744,1627954,2016
1610612763,203100,2016
1610612740,203142,2016
1610612739,2544,2015
1610612739,201567,2015
1610612739,202684,2015
1610612739,2747,2015
1610612739,202681,2015
1610612739,2210,2015
1610612739,202697,2015
1610612739,2590,2015
1610612739,203521,2015
1610612739,101112,2015
1610612739,2563,2015
1610612739,2592,2015
1610612739,202389,2015
1610612744,203084,2015
1610612744,203110,2015
1610612744,203105,2015
1610612744,202691,2015
1610612744,201939,2015
1610612744,2738,2015
1610612744,2760,2015
1610612744,2733,2015
1610612744,2571,2015
1610612744,201578,2015
1610612744,203546,2015
1610612744,203949,2015
1610612744,201575,2015
1610612744,101106,2015
1610612739,203895,2015
1610612760,201142,2015
1610612760,201586,2015
1610612760,203500,2015
1610612760,203460,2015
1610612760,201566,2015
1610612760,203079,2015
1610612760,202683,2015
1610612760,200751,2015
1610612760,2555,2015
1610612760,1737,2015
1610612760,201627,2015
1610612760,1626166,2015
1610612760,202713,2015
1610612761,201960,2015
1610612761,2449,2015
1610612761,202687,2015
1610612761,201942,2015
1610612761,200768,2015
1610612761,202335,2015
1610612761,202685,2015
1610612761,202709,2015
1610612761,203082,2015
1610612761,201949,2015
1610612761,1626181,2015
1610612761,1626153,2015
1610612761,201574,2015
1610612761,203512,2015
1610612748,2207,2015
1610612748,2736,2015
1610612748,1626159,2015
1610612748,2548,2015
1610612748,201609,2015
1610612748,1626196,2015
1610612748,204020,2015
1610612748,201177,2015
1610612748,2617,2015
1610612748,101123,2015
1610612748,2748,2015
1610612748,2405,2015
1610612748,1627362,2015
1610612757,202329,2015
1610612757,203090,2015
1610612757,203486,2015
1610612757,203468,2015
1610612757,203081,2015
1610612757,201945,2015
1610612757,203459,2015
1610612757,202334,2015
1610612757,203148,2015
1610612757,1626192,2015
1610612757,2549,2015
1610612757,1626242,2015
1610612757,203943,2015
1610612760,203962,2015
1610612737,200757,2015
1610612737,200794,2015
1610612737,201143,2015
1610612737,203145,2015
1610612737,201952,2015
1610612737,2743,2015
1610612737,2594,2015
1610612737,203471,2015
1610612737,203118,2015
1610612737,203501,2015
1610612737,2550,2015
1610612737,203488,2015
1610612737,203934,2015
1610612748,202355,2015
1610612766,101107,2015
1610612766,1626163,2015
1610612766,2744,2015
1610612766,201584,2015
1610612766,202689,2015
1610612766,202391,2015
1610612766,201587,2015
1610612766,203469,2015
1610612766,203584,2015
1610612766,203087,2015
1610612766,1626151,2015
1610612766,203268,2015
1610612766,201150,2015
1610612754,202331,2015
1610612754,1626167,2015
1610612754,101133,2015
1610612754,101145,2015
1610612754,201588,2015
1610612754,203524,2015
1610612754,201155,2015
1610612754,201951,2015
1610612754,101139,2015
1610612754,202730,2015
1610612754,201941,2015
1610612754,203922,2015
1610612754,1626202,2015
1610612766,201946,2015
1610612746,201601,2015
1610612746,201145,2015
1610612746,201599,2015
1610612746,200755,2015
1610612746,203085,2015
1610612746,2037,2015
1610612746,202325,2015
1610612746,203143,2015
1610612746,1718,2015
1610612746,203912,2015
1610612746,202332,2015
1610612746,201965,2015
1610612746,1626183,2015
1610612738,203109,2015
1610612738,201973,2015
1610612738,101161,2015
1610612738,202323,2015
1610612738,202738,2015
1610612738,203935,2015
1610612738,203482,2015
1610612738,203096,2015
1610612738,1626179,2015
1610612738,1626154,2015
1610612738,203092,2015
1610612738,203923,2015
1610612738,1626175,2015
1610612745,2772,2015
1610612745,202700,2015
1610612745,2730,2015
1610612745,201935,2015
1610612745,201976,2015
1610612745,2746,2015
1610612745,1891,2015
1610612745,201563,2015
1610612745,201147,2015
1610612745,202726,2015
1610612745,203991,2015
1610612745,1626149,2015
1610612745,203909,2015
1610612742,1626147,2015
1610612742,1717,2015
1610612742,2585,2015
1610612742,202083,2015
1610612742,101109,2015
1610612742,203939,2015
1610612742,200826,2015
1610612742,2734,2015
1610612742,101111,2015
1610612742,101135,2015
1610612742,201580,2015
1610612742,1626257,2015
1610612742,101114,2015
1610612746,201933,2015
1610612746,101108,2015
1610612763,1713,2015
1610612763,2440,2015
1610612763,2216,2015
1610612763,2754,2015
1610612763,200770,2015
1610612763,202362,2015
1610612763,203210,2015
1610612763,204098,2015
1610612763,2365,2015
1610612763,201144,2015
1610612763,203798,2015
1610612763,1626185,2015
1610612763,201148,2015
1610612745,203093,2015
1610612765,202699,2015
1610612765,202694,2015
1610612765,203083,2015
1610612765,203484,2015
1610612765,202704,2015
1610612765,203382,2015
1610612765,1626169,2015
1610612765,2581,2015
1610612765,201229,2015
1610612765,201202,2015
1610612765,203915,2015
1610612765,1626199,2015
1610612765,201975,2015
1610612760,203956,2015
1610612738,204066,2015
1610612765,203493,2015
1610612738,202340,2015
1610612743,2034,2015
1610612743,203999,2015
1610612743,203994,2015
1610612743,203914,2015
1610612743,1626144,2015
1610612743,203960,2015
1610612743,202702,2015
1610612743,203115,2015
1610612743,1626253,2015
1610612743,201571,2015
1610612743,201589,2015
1610612743,203530,2015
1610612743,2749,2015
1610612756,200782,2015
1610612756,202720,2015
1610612756,203458,2015
1610612756,1626164,2015
1610612756,101179,2015
1610612756,203462,2015
1610612756,203141,2015
1610612756,1626210,2015
1610612756,203098,2015
1610612756,201978,2015
1610612756,2199,2015
1610612756,202688,2015
1610612762,202330,2015
1610612762,1626168,2015
1610612762,203481,2015
1610612762,203918,2015
1610612762,202714,2015
1610612762,203526,2015
1610612762,202344,2015
1610612762,204060,2015
1610612762,203187,2015
1610612762,203504,2015
1610612762,202692,2015
1610612762,202324,2015
1610612762,202353,2015
1610612747,977,2015
1610612747,203944,2015
1610612747,201579,2015
1610612747,203903,2015
1610612747,1626156,2015
1610612747,1626273,2015
1610612747,1626204,2015
1610612747,204028,2015
1610612747,203527,2015
1610612747,101138,2015
1610612747,203135,2015
1610612747,101150,2015
1610612747,1897,2015
1610612763,203955,2015
1610612763,203919,2015
1610612740,202706,2015
1610612740,201967,2015
1610612740,201600,2015
1610612740,203516,2015
1610612740,201962,2015
1610612740,2570,2015
1610612740,204025,2015
1610612740,201582,2015
1610612740,201583,2015
1610612740,202337,2015
1610612740,202708,2015
1610612740,202087,2015
1610612740,201950,2015
1610612750,203952,2015
1610612750,203476,2015
1610612750,1626157,2015
1610612750,203897,2015
1610612750,201937,2015
1610612750,1626145,2015
1610612750,203498,2015
1610612750,202357,2015
1610612750,204014,2015
1610612750,203940,2015
1610612750,202962,2015
1610612750,2419,2015
1610612754,203963,2015
1610612754,1626176,2015
1610612749,203507,2015
1610612749,203953,2015
1610612749,202328,2015
1610612749,203114,2015
1610612749,1626173,2015
1610612749,203898,2015
1610612749,203948,2015
1610612749,203101,2015
1610612749,202349,2015
1610612749,203089,2015
1610612749,203996,2015
1610612749,201573,2015
1610612753,203095,2015
1610612753,101141,2015
1610612753,202696,2015
1610612753,1626209,2015
1610612753,203901,2015
1610612753,203932,2015
1610612753,203906,2015
1610612753,201160,2015
1610612753,201228,2015
1610612753,203473,2015
1610612753,203094,2015
1610612753,203894,2015
1610612753,201943,2015
1610612755,203496,2015
1610612755,203924,2015
1610612755,203457,2015
1610612755,203088,2015
1610612755,202397,2015
1610612755,203138,2015
1610612755,204456,2015
1610612755,1882,2015
1610612755,203477,2015
1610612755,1626158,2015
1610612755,201171,2015
1610612755,203917,2015
1610612755,1626174,2015
1610612741,203503,2015
1610612741,202703,2015
1610612741,1626245,2015
1610612741,202710,2015
1610612741,203200,2015
1610612741,203926,2015
1610612741,1626171,2015
1610612741,201166,2015
1610612741,2399,2015
1610612741,2200,2015
1610612741,201959,2015
1610612741,202734,2015
1610612741,201565,2015
1610612764,203490,2015
1610612764,201162,2015
1610612764,2403,2015
1610612764,201977,2015
1610612764,201196,2015
1610612764,201581,2015
1610612764,1626162,2015
1610612764,101187,2015
1610612764,202066,2015
1610612764,204067,2015
1610612764,2400,2015
1610612764,101162,2015
1610612739,201619,2015
1610612761,203998,2015
1610612751,202711,2015
1610612751,1626191,2015
1610612751,203156,2015
1610612751,201961,2015
1610612751,203499,2015
1610612751,1626178,2015
1610612751,203930,2015
1610612751,203900,2015
1610612751,202388,2015
1610612751,203508,2015
1610612751,201572,2015
1610612751,203080,2015
1610612752,203921,2015
1610612752,202682,2015
1610612752,201577,2015
1610612752,1626170,2015
1610612752,2756,2015
1610612752,204038,2015
1610612752,201167,2015
1610612752,203124,2015
1610612752,200811,2015
1610612752,202338,2015
1610612752,2546,2015
1610612752,204001,2015
1610612753,203506,2015
1610612762,203497,2015
1610612764,202693,2015
1610612764,203078,2015
1610612741,203946,2015
1610612747,201156,2015
1610612763,200797,2015
1610612764,202322,2015
1610612751,203186,2015
1610612751,201152,2015
1610612757,1626146,2015
1610612752,101181,2015
1610612763,203492,2015
1610612740,203076,2015
1610612755,201603,2015
1610612749,203099,2015
1610612749,203487,2015
1610612749,200779,2015
1610612740,202347,2015
1610612744,1626172,2015
1610612765,203485,2015
1610612763,1627293,2015
1610612757,203086,2015
1610612738,1626262,2015
1610612763,1627362,2015
1610612752,202498,2015
1610612740,203111,2015
1610612742,202718,2015
1610612740,201569,2015
1610612749,201564,2015
1610612765,202712,2015
1610612746,1627293,2015
1610612756,203515,2015
1610612763,201596,2015
1610612740,1626214,2015
1610612745,1626155,2015
1610612755,1626143,2015
1610612737,204002,2015
1610612747,1626148,2015
1610612756,201603,2015
1610612754,201978,2015
1610612752,202690,2015
1610612745,201951,2015
1610612763,203516,2015
1610612761,203461,2015
1610612750,2755,2015
1610612748,2757,2015
1610612756,2743,2015
1610612743,201568,2015
1610612750,1889,2015
1610612751,2207,2015
1610612764,202390,2015
1610612742,202379,2015
1610612749,203142,2015
1610612744,201574,2015
1610612756,203895,2015
1610612764,201971,2015
1610612740,201936,2015
1610612760,200779,2015
1610612760,201571,2015
1610612739,2760,2015
1610612739,203099,2015
1610612745,201977,2015
1610612757,204025,2015
1610612756,202693,2015
1610612756,203111,2015
1610612762,203475,2015
1610612737,203200,2015
1610612737,202714,2015
1610612741,2550,2015
1610612753,101112,2015
1610612743,200751,2015
1610612743,201581,2015
1610612765,201943,2015
1610612765,101141,2015
1610612763,201584,2015
1610612763,201145,2015
1610612751,200745,2015
1610612746,202362,2015
1610612738,101135,2015
1610612755,203960,2015
1610612766,203077,2015
1610612766,203798,2015
1610612766,203148,2015
1610612742,203098,2015
1610612764,2743,2015
1610612748,2547,2015
1610612748,203950,2015
1610612763,201188,2015
1610612752,203648,2015
1610612753,203951,2015
1610612753,202699,2015
1610612756,203933,2015
1610612743,203930,2015
1610612750,201593,2015
1610612737,201168,2015
1610612756,203928,2015
1610612756,203485,2015
1610612762,1626266,2015
1610612750,708,2015
1610612746,2746,2015
1610612748,2365,2015
1610612763,202343,2015
1610612741,201149,2015
1610612743,203123,2015
1610612756,203955,2015
1610612762,202407,2015
1610612751,101127,2015
1610612763,203893,2015
1610612756,202339,2015
1610612755,203100,2015
1610612740,202397,2015
1610612764,200797,2015
1610612739,203925,2015
1610612755,203515,2015
1610612740,202690,2015
1610612763,2757,2015
1610612763,203950,2015
1610612748,201596,2015
1610612748,203516,2015
1610612745,101236,2015
1610612743,203475,2015
1610612740,101126,2015
1610612742,203966,2015
1610612742,1626165,2015
1610612745,1626288,2015
1610612745,203529,2015
1610612745,1626269,2015
1610612745,1626217,2015
1610612750,203485,2015
1610612750,1626285,2015
1610612750,204289,2015
1610612748,202728,2015
1610612748,201645,2015
1610612748,101249,2015
1610612748,204222,2015
1610612740,1627322,2015
1610612740,202399,2015
1610612763,200821,2015
1610612763,1626272,2015
1610612763,1627258,2015
1610612753,1626295,2015
1610612737,2853,2015
1610612737,203199,2015
1610612765,101122,2015
1610612764,202725,2015
1610612764,202397,2015
1610612764,204189,2015
1610612764,203315,2015
1610612764,1626294,2015
1610612761,1626252,2015
1610612761,204040,2015
1610612761,1626263,2015
1610612761,1626253,2015
1610612755,203510,2015
1610612755,203895,2015
1610612755,1626160,2015
1610612755,203128,2015
1610612755,203954,2015
1610612755,203959,2015
1610612738,203103,2015
1610612738,1626258,2015
1610612766,2863,2015
1610612766,1626279,2015
1610612766,202343,2015
1610612766,1626280,2015
1610612754,201962,2015
1610612754,203927,2015
1610612754,1627292,2015
1610612752,1626201,2015
1610612752,201969,2015
1610612752,1626276,2015
1610612752,1626275,2015
1610612743,203910,2015
1610612743,202464,2015
1610612744,203569,2015
1610612744,204067,2015
1610612744,202333,2015
1610612744,1627224,2015
1610612747,203913,2015
1610612747,1626182,2015
1610612757,204179,2015
1610612757,203515,2015
1610612746,101236,2015
1610612756,203156,2015
1610612742,202820,2015
1610612742,2223,2015
1610612742,1626254,2015
1610612737,1626189,2015
1610612765,203947,2015
1610612765,201858,2015
1610612765,203519,2015
1610612740,201604,2015
1610612740,203930,2015
1610612753,201880,2015
1610612753,203929,2015
1610612741,202348,2015
1610612741,204136,2015
1610612749,202068,2015
1610612749,2694,2015
1610612749,203268,2015
1610612760,204075,2015
1610612760,1626180,2015
1610612760,202933,2015
1610612760,1626190,2015
1610612762,203957,2015
1610612747,1626187,2015
1610612747,1626193,2015
1610612745,1626270,2015
1610612745,202719,2015
1610612739,204022,2015
1610612739,202091,2015
1610612739,203474,2015
1610612739,201948,2015
1610612739,1626188,2015
1610612739,1626305,2015
1610612751,202712,2015
1610612751,2563,2015
1610612751,1626207,2015
1610612751,202808,2015
1610612751,203113,2015
1610612738,1626259,2015
1610612738,1626260,2015
1610612743,201163,2015
1610612743,200762,2015
1610612748,1626186,2015
1610612762,1626203,2015
1610612762,203955,2015
1610612739,202419,2015
1610612744,1626219,2015
1610612756,1626271,2015
1610612756,202358,2015
1610612743,202394,2015
1610612744,2732,2015
1610612753,1626296,2015
1610612740,1626290,2015
1610612740,202366,2015
1610612741,202815,2015
1610612741,202513,2015
1610612762,204022,2015
1610612762,203511,2015
1610612764,101110,2015
1610612737,203529,2015
1610612737,1626293,2015
1610612744,203502,2015
1610612765,203547,2015
1610612749,203586,2015
1610612749,1626281,2015
1610612763,1626261,2015
1610612763,204067,2015
1610612746,2401,2015
1610612744,2738,2014
1610612744,203084,2014
1610612744,203110,2014
1610612744,202691,2014
1610612744,201939,2014
1610612744,2733,2014
1610612744,203105,2014
1610612744,2571,2014
1610612744,101135,2014
1610612744,101106,2014
1610612744,203949,2014
1610612744,201575,2014
1610612744,201578,2014
1610612739,2544,2014
1610612739,202684,2014
1610612739,202389,2014
1610612739,202697,2014
1610612739,203521,2014
1610612739,2747,2014
1610612739,2592,2014
1610612739,2034,2014
1610612739,203925,2014
1610612739,2217,2014
1610612739,202681,2014
1610612739,1890,2014
1610612739,2570,2014
1610612744,203200,2014
1610612745,2772,2014
1610612745,2746,2014
1610612745,2730,2014
1610612745,201935,2014
1610612745,1891,2014
1610612745,203093,2014
1610612745,203143,2014
1610612745,201147,2014
1610612745,203991,2014
1610612745,201595,2014
1610612745,203910,2014
1610612745,203909,2014
1610612745,203123,2014
1610612737,201960,2014
1610612737,200794,2014
1610612737,201143,2014
1610612737,203145,2014
1610612737,201952,2014
1610612737,202714,2014
1610612737,203118,2014
1610612737,203471,2014
1610612737,203098,2014
1610612737,203488,2014
1610612737,203544,2014
1610612737,1882,2014
1610612737,201948,2014
1610612737,2594,2014
1610612737,200757,2014
1610612739,201567,2014
1610612739,2760,2014
1610612746,2440,2014
1610612746,201933,2014
1610612746,201599,2014
1610612746,200755,2014
1610612746,101108,2014
1610612746,2037,2014
1610612746,203085,2014
1610612746,201175,2014
1610612746,201150,2014
1610612746,2563,2014
1610612746,201991,2014
1610612746,2045,2014
1610612746,202327,2014
1610612764,1718,2014
1610612764,2403,2014
1610612764,101162,2014
1610612764,203078,2014
1610612764,202322,2014
1610612764,2400,2014
1610612764,203490,2014
1610612764,202338,2014
1610612764,201196,2014
1610612764,202066,2014
1610612764,2446,2014
1610612764,101198,2014
1610612764,2743,2014
1610612763,2754,2014
1610612763,2216,2014
1610612763,201188,2014
1610612763,201584,2014
1610612763,201144,2014
1610612763,201145,2014
1610612763,201585,2014
1610612763,1713,2014
1610612763,2757,2014
1610612763,201979,2014
1610612763,203210,2014
1610612763,203919,2014
1610612763,202720,2014
1610612741,2399,2014
1610612741,2200,2014
1610612741,201149,2014
1610612741,202710,2014
1610612741,201565,2014
1610612741,201959,2014
1610612741,2550,2014
1610612741,202703,2014
1610612741,201166,2014
1610612741,203503,2014
1610612741,203926,2014
1610612741,1737,2014
1610612741,202734,2014
1610612763,203893,2014
1610612741,203946,2014
1610612764,101110,2014
1610612746,202706,2014
1610612751,2207,2014
1610612751,201152,2014
1610612751,201572,2014
1610612751,202711,2014
1610612751,101114,2014
1610612751,203486,2014
1610612751,101127,2014
1610612751,101187,2014
1610612751,203141,2014
1610612751,202366,2014
1610612751,202721,2014
1610612751,201947,2014
1610612751,203900,2014
1610612749,203507,2014
1610612749,101141,2014
1610612749,2585,2014
1610612749,203114,2014
1610612749,203487,2014
1610612749,201573,2014
1610612749,201564,2014
1610612749,203089,2014
1610612749,201162,2014
1610612749,203898,2014
1610612749,203101,2014
1610612749,203948,2014
1610612749,203268,2014
1610612757,201587,2014
1610612757,200746,2014
1610612757,201577,2014
1610612757,201167,2014
1610612757,203081,2014
1610612757,203086,2014
1610612757,203468,2014
1610612757,2581,2014
1610612757,2549,2014
1610612757,204025,2014
1610612757,203459,2014
1610612757,200777,2014
1610612757,202087,2014
1610612742,202329,2014
1610612742,1717,2014
1610612742,2199,2014
1610612742,101145,2014
1610612742,200826,2014
1610612742,101111,2014
1610612742,2405,2014
1610612742,2734,2014
1610612742,203939,2014
1610612742,202962,2014
1610612742,101109,2014
1610612742,203108,2014
1610612742,2210,2014
1610612738,203109,2014
1610612738,101138,2014
1610612738,203092,2014
1610612738,202340,2014
1610612738,202323,2014
1610612738,202738,2014
1610612738,203482,2014
1610612738,201973,2014
1610612738,203096,2014
1610612738,2222,2014
1610612738,203935,2014
1610612738,203540,2014
1610612738,203515,2014
1610612761,203082,2014
1610612761,101161,2014
1610612761,202685,2014
1610612761,201942,2014
1610612761,200768,2014
1610612761,101150,2014
1610612761,202349,2014
1610612761,202335,2014
1610612761,201946,2014
1610612761,201949,2014
1610612761,201880,2014
1610612761,202361,2014
1610612761,101236,2014
1610612740,202347,2014
1610612740,203076,2014
1610612740,201600,2014
1610612740,201569,2014
1610612740,201936,2014
1610612740,201583,2014
1610612740,202708,2014
1610612740,201950,2014
1610612740,201967,2014
1610612740,201582,2014
1610612740,202337,2014
1610612740,201962,2014
1610612740,202690,2014
1610612751,203928,2014
1610612742,200765,2014
1610612742,202718,2014
1610612753,203932,2014
1610612753,203094,2014
1610612753,202696,2014
1610612753,203506,2014
1610612753,203901,2014
1610612753,203473,2014
1610612753,2584,2014
1610612753,203124,2014
1610612753,203090,2014
1610612753,203095,2014
1610612753,101112,2014
1610612753,202699,2014
1610612753,2557,2014
1610612747,203527,2014
1610612747,201941,2014
1610612747,204028,2014
1610612747,203505,2014
1610612747,203913,2014
1610612747,202334,2014
1610612747,203135,2014
1610612747,2430,2014
1610612747,203903,2014
1610612747,201961,2014
1610612747,202325,2014
1610612747,202391,2014
1610612747,201156,2014
1610612743,201163,2014
1610612743,201568,2014
1610612743,203994,2014
1610612743,203914,2014
1610612743,201951,2014
1610612743,201581,2014
1610612743,203115,2014
1610612743,203530,2014
1610612743,203475,2014
1610612743,203546,2014
1610612743,203479,2014
1610612743,202702,2014
1610612743,200751,2014
1610612754,203524,2014
1610612754,2561,2014
1610612754,201579,2014
1610612754,101139,2014
1610612754,201588,2014
1610612754,2449,2014
1610612754,101133,2014
1610612754,202331,2014
1610612754,201155,2014
1610612754,202388,2014
1610612754,202730,2014
1610612754,204014,2014
1610612754,201228,2014
1610612763,203950,2014
1610612748,201611,2014
1610612748,203516,2014
1610612748,201563,2014
1610612748,204020,2014
1610612748,204054,2014
1610612748,2617,2014
1610612748,2365,2014
1610612748,201596,2014
1610612748,2736,2014
1610612748,201609,2014
1610612748,2548,2014
1610612748,202355,2014
1610612755,203496,2014
1610612755,203924,2014
1610612755,203156,2014
1610612755,203922,2014
1610612755,203960,2014
1610612755,203138,2014
1610612755,203080,2014
1610612755,203128,2014
1610612755,203477,2014
1610612755,201601,2014
1610612755,203457,2014
1610612755,2202,2014
1610612755,202397,2014
1610612765,2406,2014
1610612765,202328,2014
1610612765,203083,2014
1610612765,203484,2014
1610612765,202704,2014
1610612765,201229,2014
1610612765,101249,2014
1610612765,201975,2014
1610612765,203113,2014
1610612765,201202,2014
1610612765,200761,2014
1610612765,201858,2014
1610612765,2419,2014
1610612752,201160,2014
1610612752,202498,2014
1610612752,202332,2014
1610612752,204038,2014
1610612752,203501,2014
1610612752,200811,2014
1610612752,203112,2014
1610612752,203921,2014
1610612752,203499,2014
1610612752,203495,2014
1610612752,200745,2014
1610612752,204037,2014
1610612764,201971,2014
1610612766,203106,2014
1610612766,101107,2014
1610612766,202687,2014
1610612766,201945,2014
1610612766,202689,2014
1610612766,203584,2014
1610612766,203943,2014
1610612766,101131,2014
1610612766,203148,2014
1610612766,203798,2014
1610612766,2744,2014
1610612766,202362,2014
1610612766,2590,2014
1610612760,203460,2014
1610612760,202683,2014
1610612760,203500,2014
1610612760,203079,2014
1610612760,201566,2014
1610612760,201627,2014
1610612760,2555,2014
1610612760,201571,2014
1610612760,203956,2014
1610612760,202713,2014
1610612760,203087,2014
1610612760,203103,2014
1610612760,200779,2014
1610612750,203952,2014
1610612750,203940,2014
1610612750,202620,2014
1610612750,2755,2014
1610612750,203897,2014
1610612750,203120,2014
1610612750,203133,2014
1610612750,203485,2014
1610612750,203461,2014
1610612750,201978,2014
1610612750,203476,2014
1610612750,708,2014
1610612750,201937,2014
1610612738,203923,2014
1610612738,203569,2014
1610612762,204060,2014
1610612762,202324,2014
1610612762,203497,2014
1610612762,203918,2014
1610612762,203957,2014
1610612762,203504,2014
1610612762,202379,2014
1610612762,202407,2014
1610612762,203187,2014
1610612762,203955,2014
1610612762,204022,2014
1610612762,203511,2014
1610612762,202344,2014
1610612756,200782,2014
1610612756,203933,2014
1610612756,202693,2014
1610612756,203462,2014
1610612756,202339,2014
1610612756,101123,2014
1610612756,2853,2014
1610612756,202077,2014
1610612756,203493,2014
1610612756,203458,2014
1610612756,202694,2014
1610612756,201977,2014
1610612756,201148,2014
1610612740,203481,2014
1610612762,202330,2014
1610612747,202779,2014
1610612756,202688,2014
1610612761,203998,2014
1610612743,201589,2014
1610612753,2732,2014
1610612750,202390,2014
1610612754,203142,2014
1610612743,2749,2014
1610612765,203915,2014
1610612747,977,2014
1610612757,2748,2014
1610612738,101183,2014
1610612756,201985,2014
1610612748,203894,2014
1610612746,203912,2014
1610612750,203930,2014
1610612745,202700,2014
1610612766,203077,2014
1610612754,203963,2014
1610612762,203546,2014
1610612764,203315,2014
1610612749,203187,2014
1610612745,201976,2014
1610612752,203144,2014
1610612740,202343,2014
1610612746,101126,2014
1610612766,203469,2014
1610612756,203552,2014
1610612750,201593,2014
1610612762,203968,2014
1610612737,204067,2014
1610612760,201586,2014
1610612751,203508,2014
1610612747,101179,2014
1610612757,202083,2014
1610612750,203922,2014
1610612761,203512,2014
1610612740,203120,2014
1610612755,201580,2014
1610612753,203906,2014
1610612752,101181,2014
1610612755,204025,2014
1610612755,202952,2014
1610612756,101122,2014
1610612750,203498,2014
1610612748,2547,2014
1610612748,201177,2014
1610612760,201142,2014
1610612740,2422,2014
1610612745,203477,2014
1610612762,202683,2014
1610612762,200779,2014
1610612742,203495,2014
1610612748,101122,2014
1610612748,202708,2014
1610612748,203120,2014
1610612748,200761,2014
1610612760,2570,2014
1610612760,202704,2014
1610612760,202397,2014
1610612757,203080,2014
1610612757,203115,2014
1610612757,201964,2014
1610612750,201152,2014
1610612764,1889,2014
1610612765,202713,2014
1610612765,201571,2014
1610612765,201973,2014
1610612765,203540,2014
1610612752,203143,2014
1610612752,2405,2014
1610612738,201977,2014
1610612738,2419,2014
1610612749,202688,2014
1610612749,2030,2014
1610612749,202336,2014
1610612756,203101,2014
1610612756,201609,2014
1610612756,202738,2014
1610612756,204054,2014
1610612756,203898,2014
1610612751,708,2014
1610612743,201167,2014
1610612743,201580,2014
1610612743,202087,2014
1610612737,203940,2014
1610612750,2590,2014
1610612750,203584,2014
1610612752,2546,2014
1610612755,203909,2014
1610612755,203487,2014
1610612766,202390,2014
1610612766,202343,2014
1610612745,203144,2014
1610612738,203958,2014
1610612760,203511,2014
1610612755,203580,2014
1610612740,203489,2014
1610612744,203136,2014
1610612763,200748,2014
1610612750,203545,2014
1610612762,202343,2014
1610612765,201943,2014
1610612755,203100,2014
1610612749,203088,2014
1610612746,203493,2014
1610612746,200770,2014
1610612756,101183,2014
1610612746,201604,2014
1610612743,101126,2014
1610612763,2419,2014
1610612763,202347,2014
1610612740,203085,2014
1610612738,201145,2014
1610612743,202389,2014
1610612738,201148,2014
1610612749,203489,2014
1610612739,201985,2014
1610612739,200811,2014
1610612739,203945,2014
1610612739,203079,2014
1610612750,202399,2014
1610612751,203561,2014
1610612752,2223,2014
1610612752,2747,2014
1610612748,203958,2014
1610612746,203099,2014
1610612738,2749,2014
1610612762,203315,2014
1610612762,203565,2014
1610612740,203893,2014
1610612756,203502,2014
1610612760,202498,2014
1610612747,202333,2014
1610612756,201229,2014
1610612766,2457,2014
1610612749,203996,2014
1610612745,204028,2014
1610612762,202692,2014
1610612755,101142,2014
1610612765,2746,2014
1610612749,203953,2014
1610612740,203539,2014
1610612745,203584,2014
1610612745,101128,2014
1610612738,200765,2014
1610612738,203939,2014
1610612742,2749,2014
1610612742,201148,2014
1610612742,203109,2014
1610612750,201147,2014
1610612755,203144,2014
1610612755,204040,2014
1610612752,202697,2014
1610612751,203268,2014
1610612755,202723,2014
1610612755,203561,2014
1610612755,204079,2014
1610612739,203805,2014
1610612740,203121,2014
1610612740,203942,2014
1610612754,201985,2014
1610612760,2742,2014
1610612765,203502,2014
1610612748,200769,2014
1610612763,203564,2014
1610612763,202355,2014
1610612751,1905,2014
1610612764,203318,2014
1610612755,203187,2014
1610612750,101142,2014
1610612747,203944,2014
1610612744,203517,2014
1610612742,203539,2014
1610612762,203467,2014
1610612762,204026,2014
1610612757,203197,2014
1610612757,202721,2014
1610612746,204060,2014
1610612743,203113,2014
1610612744,203905,2014
1610612744,2574,2014
1610612744,203930,2014
1610612744,204030,2014
1610612747,203964,2014
1610612747,959,2014
1610612748,203920,2014
1610612763,203565,2014
1610612745,202399,2014
1610612745,203496,2014
1610612745,204080,2014
1610612745,202397,2014
1610612750,200826,2014
1610612750,204029,2014
1610612752,2566,2014
1610612761,203805,2014
1610612761,202706,2014
1610612742,203117,2014
1610612742,201274,2014
1610612754,203519,2014
1610612754,203927,2014
1610612754,202620,2014
1610612754,202698,2014
1610612766,203965,2014
1610612766,203193,2014
1610612766,204041,2014
1610612755,202343,2014
1610612755,203954,2014
1610612755,203102,2014
1610612755,203810,2014
1610612765,201189,2014
1610612740,203158,2014
1610612740,203474,2014
1610612749,203149,2014
1610612739,202197,2014
1610612751,203104,2014
1610612751,203186,2014
1610612738,204025,2014
1610612738,101198,2014
1610612738,203543,2014
1610612738,203585,2014
1610612738,203513,2014
1610612738,204024,2014
1610612745,204064,2014
1610612745,2694,2014
1610612764,101249,2014
1610612764,202345,2014
1610612764,202918,2014
1610612752,2788,2014
1610612752,204044,2014
1610612762,2563,2014
1610612760,204077,2014
1610612760,204076,2014
1610612760,204075,2014
1610612748,203580,2014
1610612748,204053,2014
1610612743,203968,2014
1610612743,201173,2014
1610612737,202354,2014
1610612763,201947,2014
1610612742,203547,2014
1610612742,204078,2014
1610612750,201178,2014
1610612747,203951,2014
1610612747,202719,2014
1610612765,202550,2014
1610612765,203485,2014
1610612765,2567,2014
1610612765,201934,2014
1610612739,204039,2014
1610612739,204071,2014
1610612738,201202,2014
1610612741,200780,2014
1610612740,202091,2014
1610612765,101198,2014
1610612740,202731,2014
1610612749,202407,2014
1610612749,202874,2014
1610612753,204063,2014
1610612753,203990,2014
1610612753,203552,2014
1610612753,203491,2014
1610612741,203162,2014
1610612756,204061,2014
1610612756,204062,2014
1610612756,203966,2014
1610612764,202350,2014
1610612757,203480,2014
1610612741,203119,2014
1610612763,204034,2014
1610612748,202419,2014
1610612748,202130,2014
1610612762,203551,2014
1610612762,203122,2014
1610612763,201563,2014
1610612755,2586,2014
1610612755,202363,2014
1610612748,2544,2013
1610612748,1740,2013
1610612748,2547,2013
1610612748,2548,2013
1610612748,951,2013
1610612748,2203,2013
1610612748,2365,2013
1610612748,202708,2013
1610612748,2617,2013
1610612748,201563,2013
1610612748,201596,2013
1610612748,2592,2013
1610612748,201962,2013
1610612748,201141,2013
1610612760,201142,2013
1610612760,201586,2013
1610612760,2570,2013
1610612760,202704,2013
1610612760,201566,2013
1610612760,965,2013
1610612760,203500,2013
1610612760,203087,2013
1610612760,203103,2013
1610612760,200757,2013
1610612760,2555,2013
1610612760,2406,2013
1610612760,201934,2013
1610612754,202331,2013
1610612754,2561,2013
1610612754,201579,2013
1610612754,202362,2013
1610612754,201588,2013
1610612754,2449,2013
1610612754,201228,2013
1610612754,2446,2013
1610612754,101133,2013
1610612754,203142,2013
1610612754,202388,2013
1610612754,202730,2013
1610612754,202323,2013
1610612760,203460,2013
1610612754,203524,2013
1610612764,2772,2013
1610612764,2403,2013
1610612764,101162,2013
1610612764,203078,2013
1610612764,202322,2013
1610612764,101110,2013
1610612764,2400,2013
1610612764,1889,2013
1610612764,1733,2013
1610612764,202066,2013
1610612764,202338,2013
1610612764,203490,2013
1610612764,202344,2013
1610612746,2440,2013
1610612746,201933,2013
1610612746,201599,2013
1610612746,200755,2013
1610612746,101108,2013
1610612746,2037,2013
1610612746,201175,2013
1610612746,201954,2013
1610612746,101122,2013
1610612746,203493,2013
1610612746,201162,2013
1610612746,2584,2013
1610612746,200797,2013
1610612757,201587,2013
1610612757,200746,2013
1610612757,201577,2013
1610612757,202083,2013
1610612757,203081,2013
1610612757,203080,2013
1610612757,203115,2013
1610612757,203468,2013
1610612757,200777,2013
1610612757,203086,2013
1610612757,201964,2013
1610612757,2248,2013
1610612757,2748,2013
1610612751,2207,2013
1610612751,1718,2013
1610612751,708,2013
1610612751,2733,2013
1610612751,101114,2013
1610612751,101187,2013
1610612751,101154,2013
1610612751,203141,2013
1610612751,1905,2013
1610612751,201977,2013
1610612751,2215,2013
1610612751,203268,2013
1610612751,203486,2013
1610612757,2590,2013
1610612761,203082,2013
1610612761,101161,2013
1610612761,202685,2013
1610612761,201942,2013
1610612761,200768,2013
1610612761,202335,2013
1610612761,202349,2013
1610612761,2422,2013
1610612761,202361,2013
1610612761,101236,2013
1610612761,201986,2013
1610612761,201946,2013
1610612761,200779,2013
1610612742,1890,2013
1610612742,1717,2013
1610612742,2223,2013
1610612742,101145,2013
1610612742,101181,2013
1610612742,1713,2013
1610612742,201971,2013
1610612742,2734,2013
1610612742,201148,2013
1610612742,203109,2013
1610612742,203499,2013
1610612742,201961,2013
1610612742,203108,2013
1610612737,201960,2013
1610612737,200794,2013
1610612737,203544,2013
1610612737,2594,2013
1610612737,201952,2013
1610612737,203118,2013
1610612737,101150,2013
1610612737,202714,2013
1610612737,1882,2013
1610612737,201858,2013
1610612737,203488,2013
1610612737,203471,2013
1610612763,2754,2013
1610612763,2034,2013
1610612763,201188,2013
1610612763,201584,2013
1610612763,201144,2013
1610612763,2419,2013
1610612763,201585,2013
1610612763,2757,2013
1610612763,202720,2013
1610612763,202334,2013
1610612763,203479,2013
1610612763,201949,2013
1610612763,2216,2013
1610612744,2738,2013
1610612744,203110,2013
1610612744,101135,2013
1610612744,202691,2013
1610612744,201939,2013
1610612744,203084,2013
1610612744,202348,2013
1610612744,979,2013
1610612744,201578,2013
1610612744,200756,2013
1610612744,2581,2013
1610612744,203136,2013
1610612744,203517,2013
1610612745,202718,2013
1610612745,201600,2013
1610612745,2730,2013
1610612745,201935,2013
1610612745,201976,2013
1610612745,202391,2013
1610612745,203584,2013
1610612745,203093,2013
1610612745,201956,2013
1610612745,101128,2013
1610612745,202706,2013
1610612745,202700,2013
1610612745,2694,2013
1610612741,2399,2013
1610612741,2430,2013
1610612741,201149,2013
1610612741,202710,2013
1610612741,2550,2013
1610612741,201571,2013
1610612741,201959,2013
1610612741,203503,2013
1610612741,200811,2013
1610612741,200758,2013
1610612741,202690,2013
1610612741,2229,2013
1610612741,1737,2013
1610612763,201979,2013
1610612746,2045,2013
1610612766,203077,2013
1610612766,201177,2013
1610612766,202687,2013
1610612766,201945,2013
1610612766,202689,2013
1610612766,203469,2013
1610612766,202390,2013
1610612766,201229,2013
1610612766,201604,2013
1610612766,2557,2013
1610612766,2744,2013
1610612766,2457,2013
1610612766,201591,2013
1610612761,202933,2013
1610612747,202325,2013
1610612747,203527,2013
1610612747,201941,2013
1610612747,201975,2013
1610612747,203088,2013
1610612747,201156,2013
1610612747,203135,2013
1610612747,200770,2013
1610612747,202705,2013
1610612747,203145,2013
1610612747,2200,2013
1610612747,2549,2013
1610612747,959,2013
1610612743,203113,2013
1610612743,202702,2013
1610612743,202389,2013
1610612743,200751,2013
1610612743,201166,2013
1610612743,201163,2013
1610612743,202686,2013
1610612743,203095,2013
1610612743,201576,2013
1610612743,201589,2013
1610612743,201568,2013
1610612743,201951,2013
1610612743,101126,2013
1610612756,200782,2013
1610612756,101112,2013
1610612756,203101,2013
1610612756,101123,2013
1610612756,202339,2013
1610612756,202693,2013
1610612756,203458,2013
1610612756,202397,2013
1610612756,202694,2013
1610612756,203462,2013
1610612756,101183,2013
1610612756,202091,2013
1610612756,201609,2013
1610612757,203459,2013
1610612761,202779,2013
1610612752,2747,2013
1610612752,2405,2013
1610612752,202332,2013
1610612752,203143,2013
1610612752,202697,2013
1610612752,203501,2013
1610612752,202719,2013
1610612752,203315,2013
1610612752,200769,2013
1610612752,2546,2013
1610612752,2199,2013
1610612752,101109,2013
1610612755,203519,2013
1610612755,201152,2013
1610612755,203156,2013
1610612755,202341,2013
1610612755,203487,2013
1610612755,202343,2013
1610612755,202363,2013
1610612755,203138,2013
1610612755,203100,2013
1610612755,203810,2013
1610612755,203561,2013
1610612755,203102,2013
1610612755,201957,2013
1610612748,203120,2013
1610612751,203104,2013
1610612739,202087,2013
1610612739,202684,2013
1610612739,201150,2013
1610612739,203079,2013
1610612739,202681,2013
1610612739,203092,2013
1610612739,101127,2013
1610612739,203521,2013
1610612739,203461,2013
1610612739,203467,2013
1610612739,203508,2013
1610612739,101139,2013
1610612739,2760,2013
1610612738,201145,2013
1610612738,101138,2013
1610612738,203482,2013
1610612738,202340,2013
1610612738,203515,2013
1610612738,203569,2013
1610612738,203187,2013
1610612738,201202,2013
1610612738,201573,2013
1610612738,2743,2013
1610612738,200765,2013
1610612738,203096,2013
1610612765,202713,2013
1610612765,202328,2013
1610612765,203083,2013
1610612765,203484,2013
1610612765,201943,2013
1610612765,203540,2013
1610612765,201973,2013
1610612765,203491,2013
1610612765,203502,2013
1610612765,2746,2013
1610612765,201155,2013
1610612765,101111,2013
1610612745,203477,2013
1610612745,203496,2013
1610612740,203121,2013
1610612740,203481,2013
1610612740,201582,2013
1610612740,201936,2013
1610612740,203085,2013
1610612740,2408,2013
1610612740,201627,2013
1610612740,203148,2013
1610612740,202337,2013
1610612740,202329,2013
1610612740,203076,2013
1610612740,201569,2013
1610612740,203480,2013
1610612762,202330,2013
1610612762,202324,2013
1610612762,202379,2013
1610612762,202692,2013
1610612762,203504,2013
1610612762,202952,2013
1610612762,2210,2013
1610612762,203197,2013
1610612762,203497,2013
1610612762,203546,2013
1610612762,101249,2013
1610612762,203513,2013
1610612762,201575,2013
1610612750,201147,2013
1610612750,201567,2013
1610612750,203476,2013
1610612750,2755,2013
1610612750,201937,2013
1610612750,101142,2013
1610612750,201601,2013
1610612750,203144,2013
1610612750,203133,2013
1610612750,201967,2013
1610612750,200826,2013
1610612750,201978,2013
1610612750,201785,2013
1610612749,203114,2013
1610612749,202399,2013
1610612749,2585,2013
1610612749,201196,2013
1610612749,202688,2013
1610612749,203089,2013
1610612749,203507,2013
1610612749,202874,2013
1610612749,201564,2013
1610612749,203545,2013
1610612749,202336,2013
1610612749,202327,2013
1610612753,203090,2013
1610612753,203124,2013
1610612753,203473,2013
1610612753,201167,2013
1610612753,203506,2013
1610612753,203117,2013
1610612753,203094,2013
1610612753,101131,2013
1610612753,202734,2013
1610612753,101179,2013
1610612753,202699,2013
1610612753,2749,2013
1610612753,202696,2013
1610612762,202683,2013
1610612741,203129,2013
1610612744,101106,2013
1610612739,2736,2013
1610612740,201880,2013
1610612764,202698,2013
1610612743,201581,2013
1610612740,201160,2013
1610612739,203816,2013
1610612762,101107,2013
1610612745,202962,2013
1610612750,203498,2013
1610612755,203263,2013
1610612749,101141,2013
1610612749,203489,2013
1610612760,202130,2013
1610612749,203474,2013
1610612747,202333,2013
1610612741,203513,2013
1610612765,101198,2013
1610612750,201593,2013
1610612739,203552,2013
1610612760,201203,2013
1610612741,201565,2013
1610612755,203130,2013
1610612755,2202,2013
1610612740,201583,2013
1610612739,202197,2013
1610612752,201947,2013
1610612754,101115,2013
1610612755,201953,2013
1610612762,2740,2013
1610612749,203183,2013
1610612742,203539,2013
1610612766,203120,2013
1610612753,203519,2013
1610612748,202732,2013
1610612739,202620,2013
1610612755,203485,2013
1610612750,201985,2013
1610612738,2222,2013
1610612756,2571,2013
1610612766,2732,2013
1610612756,203139,2013
1610612737,202354,2013
1610612737,202970,2013
1610612741,202363,2013
1610612764,203318,2013
1610612749,2406,2013
1610612765,202725,2013
1610612752,2030,2013
1610612752,2757,2013
1610612752,1897,2013
1610612737,203099,2013
1610612755,101122,2013
1610612740,201950,2013
1610612745,200758,2013
1610612745,201166,2013
1610612744,203105,2013
1610612753,201175,2013
1610612739,203156,2013
1610612739,201947,2013
1610612754,101122,2013
1610612754,203111,2013
1610612766,201196,2013
1610612766,202399,2013
1610612764,202686,2013
1610612764,201953,2013
1610612755,202323,2013
1610612755,201150,2013
1610612755,202730,2013
1610612749,202390,2013
1610612749,2557,2013
1610612743,202706,2013
1610612743,1889,2013
1610612746,1712,2013
1610612746,201957,2013
1610612751,1891,2013
1610612751,2501,2013
1610612747,200761,2013
1610612747,2581,2013
1610612744,203145,2013
1610612744,202705,2013
1610612746,2756,2013
1610612763,202721,2013
1610612765,1497,2013
1610612761,201948,2013
1610612747,202412,2013
1610612738,203543,2013
1610612755,203473,2013
1610612742,203495,2013
1610612737,203263,2013
1610612741,201858,2013
1610612738,203505,2013
1610612748,2427,2013
1610612746,202721,2013
1610612760,2767,2013
1610612752,200745,2013
1610612738,2586,2013
1610612741,203104,2013
1610612751,203129,2013
1610612751,203116,2013
1610612738,202348,2013
1610612738,202705,2013
1610612766,203106,2013
1610612748,201202,2013
1610612746,203146,2013
1610612744,201962,2013
1610612755,202350,2013
1610612746,1536,2013
1610612738,201584,2013
1610612760,101155,2013
1610612763,201573,2013
1610612763,203552,2013
1610612741,2736,2013
1610612753,200780,2013
1610612740,200811,2013
1610612752,203147,2013
1610612737,201143,2013
1610612739,101115,2013
1610612737,203098,2013
1610612751,201572,2013
1610612762,200839,2013
1610612747,977,2013
1610612763,202347,2013
1610612740,2735,2013
1610612766,203480,2013
1610612761,203112,2013
1610612761,201571,2013
1610612761,200752,2013
1610612761,201189,2013
1610612744,203473,2013
1610612750,202682,2013
1610612747,203548,2013
1610612755,202721,2013
1610612755,2198,2013
1610612762,2224,2013
1610612740,202498,2013
1610612740,202620,2013
1610612743,201580,2013
1610612746,200811,2013
1610612762,2567,2013
1610612762,201187,2013
1610612762,203200,2013
1610612762,201991,2013
1610612762,203159,2013
1610612754,200756,2013
1610612753,203126,2013
1610612753,202412,2013
1610612753,202148,2013
1610612753,203528,2013
1610612743,202345,2013
1610612748,203547,2013
1610612751,203187,2013
1610612739,202343,2013
1610612739,201966,2013
1610612739,203483,2013
1610612744,203552,2013
1610612737,201286,2013
1610612760,203585,2013
1610612756,101162,2013
1610612739,2205,2013
1610612764,2735,2013
1610612764,200822,2013
1610612764,202918,2013
1610612752,203466,2013
1610612752,101113,2013
1610612755,203579,2013
1610612755,203576,2013
1610612755,203091,2013
1610612755,203505,2013
1610612750,202419,2013
1610612750,203485,2013
1610612761,203577,2013
1610612761,202874,2013
1610612763,202070,2013
1610612763,203186,2013
1610612756,200769,2013
1610612760,203197,2013
1610612737,2767,2013
1610612752,201604,2013
1610612752,2694,2013
1610612755,202371,2013
1610612741,201591,2013
1610612741,202354,2013
1610612749,101211,2013
1610612749,203590,2013
1610612745,202130,2013
1610612763,2857,2013
1610612738,203568,2013
1610612738,202518,2013
1610612748,203586,2013
1610612748,202363,2013
1610612739,203588,2013
1610612742,202810,2013
1610612742,202365,2013
1610612742,203097,2013
1610612742,203566,2013
1610612742,200764,2013
1610612747,202068,2013
1610612763,2408,2013
1610612746,203561,2013
1610612757,203551,2013
1610612757,203560,2013
1610612766,200753,2013
1610612755,203262,2013
1610612737,201949,2013
1610612751,201814,2013
1610612756,203088,2013
1610612747,203130,2013
1610612764,101217,2013
1610612749,203589,2013
1610612756,203263,2013
1610612743,203176,2013
1610612751,2060,2013
1610612754,201351,2013
1610612737,203519,2013
1610612737,2863,2013
1610612738,202586,2013
1610612757,203494,2013
1610612762,101204,2013
1610612737,203558,2013
1610612744,202841,2013
1610612760,202350,2013
1610612748,203580,2013
1610612740,202351,2013
1610612746,203210,2013
1610612746,203201,2013
1610612747,202420,2013
1610612747,2429,2013
1610612748,2544,2012
1610612748,2034,2012
1610612748,2547,2012
1610612748,2548,2012
1610612748,201596,2012
1610612748,951,2012
1610612748,2203,2012
1610612748,2365,2012
1610612748,2617,2012
1610612748,201202,2012
1610612748,202708,2012
1610612748,2592,2012
1610612748,1740,2012
1610612754,202331,2012
1610612754,2561,2012
1610612754,201579,2012
1610612754,202362,2012
1610612754,201588,2012
1610612754,201571,2012
1610612754,201946,2012
1610612754,201970,2012
1610612754,101133,2012
1610612754,101123,2012
1610612754,203111,2012
1610612754,201965,2012
1610612754,203162,2012
1610612748,436,2012
1610612763,2419,2012
1610612763,2216,2012
1610612763,201188,2012
1610612763,2754,2012
1610612763,201144,2012
1610612763,202347,2012
1610612763,201589,2012
1610612763,2039,2012
1610612763,201573,2012
1610612763,202334,2012
1610612763,201948,2012
1610612763,201590,2012
1610612763,203100,2012
1610612763,202720,2012
1610612754,203101,2012
1610612752,202697,2012
1610612752,2546,2012
1610612752,2199,2012
1610612752,203143,2012
1610612752,101109,2012
1610612752,2747,2012
1610612752,2030,2012
1610612752,467,2012
1610612752,203142,2012
1610612752,2405,2012
1610612752,948,2012
1610612752,200779,2012
1610612752,2047,2012
1610612744,203084,2012
1610612744,203105,2012
1610612744,101106,2012
1610612744,202691,2012
1610612744,201939,2012
1610612744,101135,2012
1610612744,101127,2012
1610612744,203110,2012
1610612744,201171,2012
1610612744,2740,2012
1610612744,203145,2012
1610612744,203159,2012
1610612744,2210,2012
1610612741,202710,2012
1610612741,2430,2012
1610612741,201149,2012
1610612741,201158,2012
1610612741,101126,2012
1610612741,1888,2012
1610612741,1737,2012
1610612741,201959,2012
1610612741,201161,2012
1610612741,2209,2012
1610612741,203104,2012
1610612741,202952,2012
1610612760,201142,2012
1610612760,201586,2012
1610612760,2570,2012
1610612760,200757,2012
1610612760,202704,2012
1610612760,2755,2012
1610612760,965,2012
1610612760,2555,2012
1610612760,200758,2012
1610612760,203103,2012
1610612760,202732,2012
1610612760,202350,2012
1610612760,201934,2012
1610612760,203087,2012
1610612741,2736,2012
1610612752,200778,2012
1610612752,2853,2012
1610612751,2222,2012
1610612751,2501,2012
1610612751,201572,2012
1610612751,2207,2012
1610612751,101114,2012
1610612751,101154,2012
1610612751,202705,2012
1610612751,2743,2012
1610612751,201228,2012
1610612751,2586,2012
1610612751,711,2012
1610612751,203116,2012
1610612751,203141,2012
1610612737,2746,2012
1610612737,201143,2012
1610612737,101130,2012
1610612737,2734,2012
1610612737,201952,2012
1610612737,201274,2012
1610612737,2594,2012
1610612737,201229,2012
1610612737,2563,2012
1610612737,203098,2012
1610612737,202714,2012
1610612737,203118,2012
1610612737,2052,2012
1610612745,101128,2012
1610612745,202718,2012
1610612745,201600,2012
1610612745,201935,2012
1610612745,201976,2012
1610612745,201166,2012
1610612745,202391,2012
1610612745,202341,2012
1610612745,202962,2012
1610612745,203093,2012
1610612745,202700,2012
1610612745,203317,2012
1610612745,203080,2012
1610612746,2406,2012
1610612746,1885,2012
1610612746,201599,2012
1610612746,1497,2012
1610612746,101108,2012
1610612746,2037,2012
1610612746,2440,2012
1610612746,201933,2012
1610612746,255,2012
1610612746,202339,2012
1610612746,2584,2012
1610612746,200797,2012
1610612746,101142,2012
1610612738,201145,2012
1610612738,101138,2012
1610612738,708,2012
1610612738,1718,2012
1610612738,202340,2012
1610612738,1891,2012
1610612738,201944,2012
1610612738,201584,2012
1610612738,202348,2012
1610612738,203097,2012
1610612738,101183,2012
1610612738,201591,2012
1610612738,2404,2012
1610612743,201163,2012
1610612743,202702,2012
1610612743,201580,2012
1610612743,2738,2012
1610612743,201951,2012
1610612743,201585,2012
1610612743,201147,2012
1610612743,1889,2012
1610612743,203095,2012
1610612743,202706,2012
1610612743,202389,2012
1610612743,201576,2012
1610612743,202933,2012
1610612745,2568,2012
1610612744,101204,2012
1610612749,201601,2012
1610612749,101141,2012
1610612749,202336,2012
1610612749,101145,2012
1610612749,201943,2012
1610612749,200755,2012
1610612749,2399,2012
1610612749,202327,2012
1610612749,203089,2012
1610612749,202397,2012
1610612749,202970,2012
1610612749,2223,2012
1610612749,2605,2012
1610612747,201947,2012
1610612747,2200,2012
1610612747,2730,2012
1610612747,202721,2012
1610612747,202726,2012
1610612747,2768,2012
1610612747,1712,2012
1610612747,201941,2012
1610612747,203135,2012
1610612747,202365,2012
1610612747,201975,2012
1610612747,959,2012
1610612747,1897,2012
1610612741,2550,2012
1610612760,201566,2012
1610612747,2581,2012
1610612762,202330,2012
1610612762,200794,2012
1610612762,2744,2012
1610612762,200751,2012
1610612762,2590,2012
1610612762,202324,2012
1610612762,101107,2012
1610612762,2224,2012
1610612762,202692,2012
1610612762,202379,2012
1610612762,201960,2012
1610612762,203122,2012
1610612762,2248,2012
1610612757,201964,2012
1610612757,200746,2012
1610612757,201581,2012
1610612757,203115,2012
1610612757,203081,2012
1610612757,203086,2012
1610612757,2562,2012
1610612757,201953,2012
1610612757,200777,2012
1610612757,202337,2012
1610612757,2407,2012
1610612757,202701,2012
1610612756,200782,2012
1610612756,202693,2012
1610612756,2449,2012
1610612756,202325,2012
1610612756,203088,2012
1610612756,201162,2012
1610612756,201563,2012
1610612756,202694,2012
1610612756,201632,2012
1610612756,203197,2012
1610612756,200769,2012
1610612756,201609,2012
1610612756,979,2012
1610612743,203113,2012
1610612749,2400,2012
1610612749,2038,2012
1610612750,1905,2012
1610612750,202682,2012
1610612750,201880,2012
1610612750,2557,2012
1610612750,201937,2012
1610612750,200826,2012
1610612750,201978,2012
1610612750,203144,2012
1610612750,201967,2012
1610612750,202419,2012
1610612750,101153,2012
1610612750,201567,2012
1610612750,201593,2012
1610612740,202329,2012
1610612740,201583,2012
1610612740,201577,2012
1610612740,201569,2012
1610612740,203148,2012
1610612740,200811,2012
1610612740,202333,2012
1610612740,202227,2012
1610612740,203121,2012
1610612740,2427,2012
1610612740,203076,2012
1610612740,202498,2012
1610612740,202349,2012
1610612742,1890,2012
1610612742,1717,2012
1610612742,2549,2012
1610612742,201564,2012
1610612742,2229,2012
1610612742,201954,2012
1610612742,1713,2012
1610612742,201148,2012
1610612742,203109,2012
1610612742,201627,2012
1610612742,1882,2012
1610612742,203108,2012
1610612742,203006,2012
1610612764,201858,2012
1610612764,202344,2012
1610612764,202338,2012
1610612764,202066,2012
1610612764,202322,2012
1610612764,201985,2012
1610612764,202698,2012
1610612764,2215,2012
1610612764,202686,2012
1610612764,2772,2012
1610612764,2403,2012
1610612764,2731,2012
1610612764,101110,2012
1610612755,202323,2012
1610612755,201152,2012
1610612755,201150,2012
1610612755,2863,2012
1610612755,201950,2012
1610612755,202730,2012
1610612755,2748,2012
1610612755,203102,2012
1610612755,203200,2012
1610612755,201156,2012
1610612755,2198,2012
1610612755,2767,2012
1610612755,202724,2012
1610612753,203090,2012
1610612753,202699,2012
1610612753,202696,2012
1610612753,202734,2012
1610612753,2757,2012
1610612753,203117,2012
1610612753,203094,2012
1610612753,203199,2012
1610612753,203124,2012
1610612753,201167,2012
1610612753,1733,2012
1610612753,2749,2012
1610612753,2045,2012
1610612748,202363,2012
1610612739,202087,2012
1610612739,202684,2012
1610612739,203092,2012
1610612739,201961,2012
1610612739,202681,2012
1610612739,203079,2012
1610612739,201578,2012
1610612739,2733,2012
1610612739,201956,2012
1610612739,203158,2012
1610612739,200789,2012
1610612739,101139,2012
1610612739,200809,2012
1610612766,203077,2012
1610612766,201177,2012
1610612766,202687,2012
1610612766,201945,2012
1610612766,202689,2012
1610612766,203106,2012
1610612766,202399,2012
1610612766,200748,2012
1610612766,2457,2012
1610612766,2732,2012
1610612766,201957,2012
1610612766,202130,2012
1610612765,202713,2012
1610612765,202328,2012
1610612765,203083,2012
1610612765,201155,2012
1610612765,202688,2012
1610612765,203114,2012
1610612765,201973,2012
1610612765,101198,2012
1610612765,203119,2012
1610612765,101111,2012
1610612765,203139,2012
1610612765,101181,2012
1610612765,1894,2012
1610612761,200752,2012
1610612761,101161,2012
1610612761,202685,2012
1610612761,201942,2012
1610612761,200768,2012
1610612761,101249,2012
1610612761,101187,2012
1610612761,203112,2012
1610612761,202361,2012
1610612761,201189,2012
1610612761,101132,2012
1610612761,2554,2012
1610612761,2742,2012
1610612761,203082,2012
1610612751,203126,2012
1610612751,203129,2012
1610612752,739,2012
1610612739,2575,2012
1610612752,200780,2012
1610612746,203146,2012
1610612747,977,2012
1610612763,202354,2012
1610612762,202077,2012
1610612757,202083,2012
1610612766,2205,2012
1610612743,201568,2012
1610612764,203078,2012
1610612742,202458,2012
1610612757,201587,2012
1610612755,202951,2012
1610612765,101131,2012
1610612762,202683,2012
1610612766,2217,2012
1610612742,203203,2012
1610612757,202343,2012
1610612746,201969,2012
1610612742,201958,2012
1610612752,703,2012
1610612744,202952,2012
1610612762,202727,2012
1610612741,200811,2012
1610612740,203156,2012
1610612742,202346,2012
1610612761,200745,2012
1610612756,101162,2012
1610612740,203085,2012
1610612766,201196,2012
1610612737,202719,2012
1610612737,2585,2012
1610612754,101122,2012
1610612740,201160,2012
1610612753,201175,2012
1610612749,2757,2012
1610612749,202699,2012
1610612756,2742,2012
1610612756,202545,2012
1610612744,202724,2012
1610612738,2215,2012
1610612753,200755,2012
1610612753,202970,2012
1610612753,202397,2012
1610612753,201177,2012
1610612742,2563,2012
1610612760,201953,2012
1610612745,202332,2012
1610612745,201962,2012
1610612745,202335,2012
1610612737,201627,2012
1610612752,200758,2012
1610612766,101124,2012
1610612738,2571,2012
1610612764,202348,2012
1610612757,101179,2012
1610612745,202694,2012
1610612763,203187,2012
1610612738,200765,2012
1610612737,2457,2012
1610612744,202719,2012
1610612750,200811,2012
1610612755,202714,2012
1610612755,2202,2012
1610612738,203096,2012
1610612765,2419,2012
1610612765,201948,2012
1610612763,200752,2012
1610612763,201632,2012
1610612761,202334,2012
1610612761,101181,2012
1610612754,201187,2012
1610612763,201961,2012
1610612763,201578,2012
1610612763,202729,2012
1610612751,202345,2012
1610612739,202720,2012
1610612739,202951,2012
1610612737,101150,2012
1610612750,202351,2012
1610612750,202723,2012
1610612748,202354,2012
1610612740,202388,2012
1610612755,203146,2012
1610612748,202725,2012
1610612742,203099,2012
1610612764,202714,2012
1610612742,201604,2012
1610612745,203159,2012
1610612739,202396,2012
1610612749,203117,2012
1610612738,202363,2012
1610612740,201187,2012
1610612738,203126,2012
1610612745,201161,2012
1610612748,202227,2012
1610612751,2735,2012
1610612764,2733,2012
1610612764,2853,2012
1610612742,965,2012
1610612739,202388,2012
1610612750,2572,2012
1610612739,2760,2012
1610612766,202809,2012
1610612761,201187,2012
1610612742,2211,2012
1610612747,203130,2012
1610612738,2545,2012
1610612740,2679,2012
1610612750,101215,2012
1610612764,2457,2012
1610612750,200750,2012
1610612766,2679,2012
1610612740,101124,2012
1610612739,202376,2012
1610612744,201575,2012
1610612745,203091,2012
1610612742,2201,2012
1610612753,203187,2012
1610612753,202712,2012
1610612745,201814,2012
1610612745,202707,2012
1610612745,203087,2012
1610612745,2755,2012
1610612745,2733,2012
1610612766,201969,2012
1610612764,2567,2012
1610612764,101183,2012
1610612764,203160,2012
1610612749,201169,2012
1610612749,203201,2012
1610612750,200839,2012
1610612763,2436,2012
1610612763,202366,2012
1610612763,2648,2012
1610612737,202345,2012
1610612737,202341,2012
1610612746,202392,2012
1610612746,202727,2012
1610612746,203180,2012
1610612748,202066,2012
1610612748,200760,2012
1610612760,202360,2012
1610612760,202332,2012
1610612760,203138,2012
1610612760,201935,2012
1610612742,2753,2012
1610612752,203156,2012
1610612752,203157,2012
1610612752,202814,2012
1610612741,203206,2012
1610612760,202351,2012
1610612744,203185,2012
1610612744,203164,2012
1610612744,200814,2012
1610612757,200747,2012
1610612757,201207,2012
1610612757,203193,2012
1610612757,203192,2012
1610612757,203200,2012
1610612762,200809,2012
1610612762,201616,2012
1610612746,201610,2012
1610612738,203190,2012
1610612738,201633,2012
1610612755,203204,2012
1610612760,201161,2012
1610612753,202356,2012
1610612749,101158,2012
1610612754,201336,2012
1610612752,203155,2012
1610612748,202148,2012
1610612747,201604,2012
1610612756,101113,2012
1610612756,200780,2012
1610612741,2060,2012
1610612751,202417,2012
1610612754,202075,2012
1610612754,202178,2012
1610612740,203203,2012
1610612740,202374,2012
1610612748,201993,2012
1610612765,201938,2012
1610612763,201602,2012
1610612763,203195,2012
1610612751,203163,2012
1610612751,201651,2012
1610612743,1853,2012
1610612742,203191,2012
1610612753,2047,2012
1610612749,2109,2012
1610612760,201041,2012
1610612747,203153,2012
1610612747,203196,2012
1610612738,202091,2012
1610612738,202446,2012
1610612739,203149,2012
1610612743,202386,2012
1610612741,2765,2012
1610612765,201944,2012
1610612747,203154,2012
1610612762,202221,2012
1610612762,201821,2012
1610612761,202077,2012
1610612750,201966,2012
1610612745,203176,2012
1610612737,201291,2012
1610612737,200894,2012
1610612737,202728,2012
1610612756,201785,2012
1610612739,203200,2012
1610612739,101235,2012
1610612739,203198,2012
1610612741,201178,2012
1610612760,201142,2011
1610612760,201586,2011
1610612760,2570,2011
1610612760,200757,2011
1610612760,201566,2011
1610612760,201935,2011
1610612760,2555,2011
1610612760,965,2011
1610612760,201161,2011
1610612760,202332,2011
1610612760,202351,2011
1610612760,2767,2011
1610612760,1737,2011
1610612748,2544,2011
1610612748,2203,2011
1610612748,2547,2011
1610612748,2548,2011
1610612748,201596,2011
1610612748,2034,2011
1610612748,2617,2011
1610612748,202708,2011
1610612748,2592,2011
1610612748,436,2011
1610612748,101142,2011
1610612748,202227,2011
1610612748,201202,2011
1610612738,1718,2011
1610612738,101138,2011
1610612738,708,2011
1610612738,951,2011
1610612738,200765,2011
1610612738,201880,2011
1610612738,2554,2011
1610612738,200797,2011
1610612738,2039,2011
1610612738,2605,2011
1610612738,202734,2011
1610612738,2562,2011
1610612738,201157,2011
1610612748,202354,2011
1610612755,2738,2011
1610612755,1882,2011
1610612755,201150,2011
1610612755,202323,2011
1610612755,201950,2011
1610612755,202730,2011
1610612755,101150,2011
1610612755,201975,2011
1610612755,201152,2011
1610612755,1499,2011
1610612755,202342,2011
1610612755,202918,2011
1610612755,202696,2011
1610612748,2201,2011
1610612754,101122,2011
1610612754,2561,2011
1610612754,201579,2011
1610612754,202331,2011
1610612754,201588,2011
1610612754,2571,2011
1610612754,201954,2011
1610612754,201946,2011
1610612754,200811,2011
1610612754,2563,2011
1610612754,201965,2011
1610612754,201985,2011
1610612754,202362,2011
1610612755,201970,2011
1610612747,1897,2011
1610612747,2200,2011
1610612747,101115,2011
1610612747,977,2011
1610612747,201196,2011
1610612747,201941,2011
1610612747,2581,2011
1610612747,202365,2011
1610612747,201177,2011
1610612747,202726,2011
1610612747,202721,2011
1610612747,2211,2011
1610612747,2440,2011
1610612746,2406,2011
1610612746,201933,2011
1610612746,201599,2011
1610612746,200751,2011
1610612746,101108,2011
1610612746,2590,2011
1610612746,201156,2011
1610612746,202339,2011
1610612746,2030,2011
1610612746,2501,2011
1610612746,2250,2011
1610612746,101155,2011
1610612746,202717,2011
1610612738,202340,2011
1610612763,200752,2011
1610612763,2216,2011
1610612763,201188,2011
1610612763,2754,2011
1610612763,201144,2011
1610612763,201564,2011
1610612763,202347,2011
1610612763,201578,2011
1610612763,201632,2011
1610612763,2240,2011
1610612763,201967,2011
1610612763,201991,2011
1610612763,202729,2011
1610612743,201568,2011
1610612743,202702,2011
1610612743,202389,2011
1610612743,201167,2011
1610612743,201951,2011
1610612743,1889,2011
1610612743,201580,2011
1610612743,1733,2011
1610612743,201147,2011
1610612743,201163,2011
1610612743,202706,2011
1610612743,201585,2011
1610612743,202933,2011
1610612741,2736,2011
1610612741,2430,2011
1610612741,201600,2011
1610612741,1888,2011
1610612741,201228,2011
1610612741,2594,2011
1610612741,201959,2011
1610612741,200758,2011
1610612741,101249,2011
1610612741,202710,2011
1610612741,2229,2011
1610612741,201149,2011
1610612741,2243,2011
1610612737,101107,2011
1610612737,2746,2011
1610612737,201143,2011
1610612737,2207,2011
1610612737,201952,2011
1610612737,2550,2011
1610612737,956,2011
1610612737,1503,2011
1610612737,2457,2011
1610612737,2215,2011
1610612737,2584,2011
1610612737,201274,2011
1610612737,2209,2011
1610612747,201963,2011
1610612743,2365,2011
1610612752,2546,2011
1610612752,2405,2011
1610612752,2199,2011
1610612752,202361,2011
1610612752,1710,2011
1610612752,2747,2011
1610612752,2407,2011
1610612752,201962,2011
1610612752,200779,2011
1610612752,202725,2011
1610612752,2429,2011
1610612752,202366,2011
1610612753,2045,2011
1610612753,201583,2011
1610612753,201175,2011
1610612753,2202,2011
1610612753,2749,2011
1610612753,200755,2011
1610612753,202350,2011
1610612753,201947,2011
1610612753,2768,2011
1610612753,2047,2011
1610612753,202712,2011
1610612753,202397,2011
1610612753,101144,2011
1610612762,200794,2011
1610612762,202324,2011
1610612762,2744,2011
1610612762,202330,2011
1610612762,2734,2011
1610612762,202692,2011
1610612762,2572,2011
1610612762,202683,2011
1610612762,2224,2011
1610612762,201960,2011
1610612762,201336,2011
1610612762,1952,2011
1610612762,202379,2011
1610612752,1884,2011
1610612763,201589,2011
1610612742,1890,2011
1610612742,1717,2011
1610612742,2217,2011
1610612742,1891,2011
1610612742,467,2011
1610612742,1713,2011
1610612742,101133,2011
1610612742,201148,2011
1610612742,2753,2011
1610612742,101235,2011
1610612742,201958,2011
1610612742,2073,2011
1610612742,201146,2011
1610612737,711,2011
1610612746,202727,2011
1610612763,202951,2011
1610612752,202697,2011
1610612741,201565,2011
1610612740,202498,2011
1610612740,202329,2011
1610612740,201160,2011
1610612740,201158,2011
1610612740,202406,2011
1610612740,201208,2011
1610612740,202349,2011
1610612740,201171,2011
1610612740,2772,2011
1610612740,202970,2011
1610612740,201569,2011
1610612740,202333,2011
1610612740,2549,2011
1610612745,201978,2011
1610612745,2449,2011
1610612745,2223,2011
1610612745,201584,2011
1610612745,201609,2011
1610612745,202335,2011
1610612745,202694,2011
1610612745,202962,2011
1610612745,202622,2011
1610612745,2755,2011
1610612745,202718,2011
1610612745,202067,2011
1610612751,101123,2011
1610612751,2052,2011
1610612751,202716,2011
1610612751,202705,2011
1610612751,202178,2011
1610612751,101130,2011
1610612751,202356,2011
1610612751,201627,2011
1610612751,200770,2011
1610612751,2743,2011
1610612751,2222,2011
1610612751,101114,2011
1610612751,200749,2011
1610612761,201949,2011
1610612761,202334,2011
1610612761,2048,2011
1610612761,101187,2011
1610612761,202386,2011
1610612761,202374,2011
1610612761,201814,2011
1610612761,101181,2011
1610612761,201942,2011
1610612761,201189,2011
1610612761,101161,2011
1610612761,101132,2011
1610612744,202874,2011
1610612744,202719,2011
1610612744,202148,2011
1610612744,202691,2011
1610612744,202724,2011
1610612744,201187,2011
1610612744,1630,2011
1610612744,2740,2011
1610612744,2210,2011
1610612744,101135,2011
1610612744,101126,2011
1610612744,201575,2011
1610612744,2748,2011
1610612757,202337,2011
1610612757,201581,2011
1610612757,2038,2011
1610612757,202083,2011
1610612757,202701,2011
1610612757,703,2011
1610612757,201938,2011
1610612757,200783,2011
1610612757,200746,2011
1610612757,201587,2011
1610612757,2037,2011
1610612757,101109,2011
1610612757,201934,2011
1610612750,202325,2011
1610612750,201576,2011
1610612750,201593,2011
1610612750,101110,2011
1610612750,200826,2011
1610612750,1802,2011
1610612750,201961,2011
1610612750,201563,2011
1610612750,202682,2011
1610612750,202723,2011
1610612750,201229,2011
1610612750,2545,2011
1610612750,2557,2011
1610612753,202732,2011
1610612739,202087,2011
1610612739,1712,2011
1610612739,202684,2011
1610612739,1515,2011
1610612739,202388,2011
1610612739,202396,2011
1610612739,202810,2011
1610612739,202412,2011
1610612739,202376,2011
1610612739,2575,2011
1610612739,201956,2011
1610612739,202681,2011
1610612739,2760,2011
1610612742,202346,2011
1610612766,200748,2011
1610612766,201957,2011
1610612766,202687,2011
1610612766,201945,2011
1610612766,201571,2011
1610612766,200081,2011
1610612766,202689,2011
1610612766,201591,2011
1610612766,2205,2011
1610612766,2679,2011
1610612766,202809,2011
1610612766,201974,2011
1610612766,202130,2011
1610612764,202698,2011
1610612764,202686,2011
1610612764,202338,2011
1610612764,201858,2011
1610612764,202322,2011
1610612764,2403,2011
1610612764,201165,2011
1610612764,202714,2011
1610612764,101189,2011
1610612764,2230,2011
1610612764,2567,2011
1610612764,202344,2011
1610612764,202348,2011
1610612749,202699,2011
1610612749,202720,2011
1610612749,202327,2011
1610612749,2733,2011
1610612749,201943,2011
1610612749,202336,2011
1610612749,2399,2011
1610612749,2757,2011
1610612749,201972,2011
1610612749,2568,2011
1610612749,101145,2011
1610612749,2400,2011
1610612749,101141,2011
1610612738,202707,2011
1610612765,2419,2011
1610612765,1112,2011
1610612765,202328,2011
1610612765,201155,2011
1610612765,202688,2011
1610612765,101131,2011
1610612765,2732,2011
1610612765,201973,2011
1610612765,101111,2011
1610612765,101198,2011
1610612765,2863,2011
1610612765,201948,2011
1610612765,202731,2011
1610612756,201162,2011
1610612756,202693,2011
1610612756,101162,2011
1610612756,200769,2011
1610612756,959,2011
1610612756,101124,2011
1610612756,2742,2011
1610612756,2072,2011
1610612756,2735,2011
1610612756,201577,2011
1610612756,101179,2011
1610612756,101112,2011
1610612756,255,2011
1610612760,202704,2011
1610612754,201178,2011
1610612765,201041,2011
1610612745,948,2011
1610612745,1863,2011
1610612745,200768,2011
1610612750,201567,2011
1610612749,201601,2011
1610612743,201164,2011
1610612739,201991,2011
1610612752,201611,2011
1610612739,200789,2011
1610612740,101127,2011
1610612761,202458,2011
1610612764,2427,2011
1610612766,1894,2011
1610612739,201623,2011
1610612737,2585,2011
1610612740,202419,2011
1610612762,101139,2011
1610612762,2248,2011
1610612761,200745,2011
1610612751,202862,2011
1610612742,1885,2011
1610612753,2730,2011
1610612766,2059,2011
1610612752,202391,2011
1610612744,202728,2011
1610612740,2731,2011
1610612745,202952,2011
1610612764,202775,2011
1610612761,201573,2011
1610612744,201939,2011
1610612751,202536,2011
1610612764,101154,2011
1610612742,201157,2011
1610612761,2446,2011
1610612755,2804,2011
1610612739,200797,2011
1610612740,202880,2011
1610612754,1902,2011
1610612764,1740,2011
1610612751,201572,2011
1610612757,202343,2011
1610612746,2567,2011
1610612739,201196,2011
1610612766,2564,2011
1610612745,201941,2011
1610612745,201938,2011
1610612745,201934,2011
1610612747,965,2011
1610612747,2574,2011
1610612747,2575,2011
1610612757,2222,2011
1610612757,948,2011
1610612757,202419,2011
1610612761,2571,2011
1610612751,2246,2011
1610612744,101145,2011
1610612744,202327,2011
1610612745,201944,2011
1610612760,202385,2011
1610612743,2403,2011
1610612764,201580,2011
1610612764,201156,2011
1610612764,101142,2011
1610612763,201970,2011
1610612749,1536,2011
1610612750,201937,2011
1610612738,2404,2011
1610612740,200780,2011
1610612761,1853,2011
1610612740,202388,2011
1610612755,1922,2011
1610612751,202345,2011
1610612751,2765,2011
1610612739,201963,2011
1610612738,979,2011
1610612739,202386,2011
1610612748,202148,2011
1610612757,202356,2011
1610612752,200764,2011
1610612751,200761,2011
1610612751,2586,2011
1610612740,201291,2011
1610612740,201969,2011
1610612745,202399,2011
1610612763,2668,2011
1610612746,1497,2011
1610612746,200780,2011
1610612764,202380,2011
1610612744,2853,2011
1610612739,202814,2011
1610612743,201960,2011
1610612753,1716,2011
1610612751,202082,2011
1610612746,202622,2011
1610612740,201234,2011
1610612749,101106,2011
1610612737,202388,2011
1610612749,202359,2011
1610612744,202397,2011
1610612744,2198,2011
1610612760,201953,2011
1610612763,202333,2011
1610612756,202081,2011
1610612755,201578,2011
1610612763,1730,2011
1610612737,202954,2011
1610612737,202728,2011
1610612737,202375,2011
1610612737,202377,2011
1610612766,202386,2011
1610612766,202872,2011
1610612766,2408,2011
1610612766,201981,2011
1610612756,202068,2011
1610612743,202809,2011
1610612750,1719,2011
1610612747,101123,2011
1610612762,2246,2011
1610612745,202391,2011
1610612738,202904,2011
1610612738,2441,2011
1610612738,2552,2011
1610612740,202347,2011
1610612763,202349,2011
1610612763,201594,2011
1610612752,101209,2011
1610612751,2137,2011
1610612751,101211,2011
1610612748,201182,2011
1610612765,1962936495,2011
1610612765,122683568,2011
1610612754,202820,2011
1610612754,202418,2011
1610612754,202792,2011
1610612742,202957,2011
1610612742,202963,2011
1610612766,200894,2011
1610612746,201647,2011
1610612748,202217,2011
1610612751,201191,2011
1610612744,202775,2011
1610612744,202956,2011
1610612744,202961,2011
1610612744,2773,2011
1610612744,202959,2011
1610612744,2596,2011
1610612765,201266,2011
1610612739,202770,2011
1610612764,1962936483,2011
1610612764,202082,2011
1610612763,1962936489,2011
1610612763,201820,2011
1610612740,2431,2011
1610612740,202458,2011
1610612740,201792,2011
1610612740,202358,2011
1610612754,201575,2011
1610612754,202175,2011
1610612742,1890,2010
1610612742,1717,2010
1610612742,2199,2010
1610612742,467,2010
1610612742,200826,2010
1610612742,2073,2010
1610612742,1891,2010
1610612742,101133,2010
1610612742,2052,2010
1610612742,201147,2010
1610612742,2217,2010
1610612742,978,2010
1610612748,2544,2010
1610612748,2547,2010
1610612748,201202,2010
1610612748,2548,2010
1610612748,201596,2010
1610612748,2034,2010
1610612748,2617,2010
1610612748,436,2010
1610612748,2067,2010
1610612748,1710,2010
1610612748,956,2010
1610612748,2592,2010
1610612742,201958,2010
1610612748,980,2010
1610612741,2736,2010
1610612741,2430,2010
1610612741,201149,2010
1610612741,2586,2010
1610612741,201565,2010
1610612741,200758,2010
1610612741,201959,2010
1610612741,703,2010
1610612741,201228,2010
1610612741,2594,2010
1610612741,2446,2010
1610612741,2243,2010
1610612760,201142,2010
1610612760,201586,2010
1610612760,2570,2010
1610612760,200757,2010
1610612760,201566,2010
1610612760,2555,2010
1610612760,201935,2010
1610612760,201953,2010
1610612760,201161,2010
1610612760,2767,2010
1610612760,1737,2010
1610612760,101126,2010
1610612741,201600,2010
1610612748,2048,2010
1610612763,201564,2010
1610612763,2216,2010
1610612763,201188,2010
1610612763,2754,2010
1610612763,201144,2010
1610612763,2203,2010
1610612763,201589,2010
1610612763,201970,2010
1610612763,202349,2010
1610612763,200796,2010
1610612763,201632,2010
1610612763,202397,2010
1610612737,2746,2010
1610612737,201143,2010
1610612737,2215,2010
1610612737,2207,2010
1610612737,201952,2010
1610612737,2037,2010
1610612737,2585,2010
1610612737,101107,2010
1610612737,200756,2010
1610612737,202377,2010
1610612737,2694,2010
1610612737,2863,2010
1610612738,1718,2010
1610612738,708,2010
1610612738,979,2010
1610612738,951,2010
1610612738,200765,2010
1610612738,201145,2010
1610612738,201175,2010
1610612738,2420,2010
1610612738,2753,2010
1610612738,2306,2010
1610612738,2211,2010
1610612738,101144,2010
1610612738,406,2010
1610612747,1897,2010
1610612747,2200,2010
1610612747,101115,2010
1610612747,977,2010
1610612747,965,2010
1610612747,1885,2010
1610612747,200769,2010
1610612747,2581,2010
1610612747,2440,2010
1610612747,693,2010
1610612747,201234,2010
1610612747,2575,2010
1610612753,2045,2010
1610612753,101138,2010
1610612753,2730,2010
1610612753,2202,2010
1610612753,2749,2010
1610612753,201583,2010
1610612753,200755,2010
1610612753,2240,2010
1610612753,2047,2010
1610612753,2124,2010
1610612753,201947,2010
1610612753,2768,2010
1610612737,2550,2010
1610612740,2772,2010
1610612740,201171,2010
1610612740,2731,2010
1610612740,201158,2010
1610612740,101108,2010
1610612740,201189,2010
1610612740,2584,2010
1610612740,201160,2010
1610612740,101127,2010
1610612740,2788,2010
1610612740,202347,2010
1610612740,201607,2010
1610612757,2222,2010
1610612757,200746,2010
1610612757,948,2010
1610612757,202083,2010
1610612757,1889,2010
1610612757,201587,2010
1610612757,202419,2010
1610612757,200750,2010
1610612757,201164,2010
1610612757,2853,2010
1610612757,202356,2010
1610612757,201988,2010
1610612755,2738,2010
1610612755,1882,2010
1610612755,201150,2010
1610612755,201975,2010
1610612755,201950,2010
1610612755,202323,2010
1610612755,201152,2010
1610612755,101150,2010
1610612755,1499,2010
1610612755,1498,2010
1610612755,2804,2010
1610612755,201578,2010
1610612743,201568,2010
1610612743,2030,2010
1610612743,2403,2010
1610612743,201167,2010
1610612743,201951,2010
1610612743,2747,2010
1610612743,2365,2010
1610612743,101109,2010
1610612743,201163,2010
1610612743,1733,2010
1610612743,201814,2010
1610612743,201585,2010
1610612754,101122,2010
1610612754,201946,2010
1610612754,201579,2010
1610612754,202331,2010
1610612754,201954,2010
1610612754,1902,2010
1610612754,2563,2010
1610612754,2399,2010
1610612754,201177,2010
1610612754,201575,2010
1610612754,201985,2010
1610612754,2551,2010
1610612738,2562,2010
1610612752,2546,2010
1610612752,2405,2010
1610612752,101142,2010
1610612752,201962,2010
1610612752,202361,2010
1610612752,2407,2010
1610612752,201611,2010
1610612752,200761,2010
1610612752,1853,2010
1610612752,2427,2010
1610612752,201974,2010
1610612752,200749,2010
1610612737,2041,2010
1610612747,689,2010
1610612743,202389,2010
1610612752,1497,2010
1610612757,202337,2010
1610612744,2748,2010
1610612744,101135,2010
1610612744,202327,2010
1610612744,202130,2010
1610612744,201939,2010
1610612744,202391,2010
1610612744,200811,2010
1610612744,2209,2010
1610612744,201154,2010
1610612744,202399,2010
1610612744,2294,2010
1610612744,101145,2010
1610612745,201978,2010
1610612745,202335,2010
1610612745,101236,2010
1610612745,2755,2010
1610612745,201609,2010
1610612745,1802,2010
1610612745,201584,2010
1610612745,201941,2010
1610612745,202392,2010
1610612745,200768,2010
1610612745,2449,2010
1610612745,201934,2010
1610612750,201563,2010
1610612750,201229,2010
1610612750,201593,2010
1610612750,202325,2010
1610612750,2557,2010
1610612750,101110,2010
1610612750,201576,2010
1610612750,201961,2010
1610612750,202351,2010
1610612750,201938,2010
1610612750,201567,2010
1610612750,2545,2010
1610612749,2568,2010
1610612749,201601,2010
1610612749,2400,2010
1610612749,2422,2010
1610612749,201943,2010
1610612749,101141,2010
1610612749,2072,2010
1610612749,2039,2010
1610612749,1894,2010
1610612749,202336,2010
1610612749,1863,2010
1610612749,201604,2010
1610612760,201957,2010
1610612746,200081,2010
1610612746,201933,2010
1610612746,201599,2010
1610612746,201569,2010
1610612746,2590,2010
1610612746,200783,2010
1610612746,202329,2010
1610612746,202339,2010
1610612746,101113,2010
1610612746,200751,2010
1610612746,2567,2010
1610612746,202378,2010
1610612756,255,2010
1610612756,101112,2010
1610612756,101162,2010
1610612756,201162,2010
1610612756,959,2010
1610612756,1713,2010
1610612756,2735,2010
1610612756,101124,2010
1610612756,201577,2010
1610612756,201166,2010
1610612756,202220,2010
1610612756,202081,2010
1610612747,202382,2010
1610612751,101211,2010
1610612751,2429,2010
1610612751,201572,2010
1610612751,2756,2010
1610612751,200770,2010
1610612751,101130,2010
1610612751,202386,2010
1610612751,2566,2010
1610612751,201148,2010
1610612751,202345,2010
1610612751,201627,2010
1610612751,201238,2010
1610612741,101249,2010
1610612743,2408,2010
1610612762,200794,2010
1610612762,202324,2010
1610612762,2744,2010
1610612762,202330,2010
1610612762,2734,2010
1610612762,1922,2010
1610612762,2248,2010
1610612762,202379,2010
1610612762,1952,2010
1610612762,201178,2010
1610612762,101139,2010
1610612762,101179,2010
1610612748,202354,2010
1610612761,201949,2010
1610612761,201595,2010
1610612761,202334,2010
1610612761,201942,2010
1610612761,201573,2010
1610612761,201582,2010
1610612761,202374,2010
1610612761,201153,2010
1610612761,2571,2010
1610612761,2501,2010
1610612761,101161,2010
1610612761,201603,2010
1610612754,200780,2010
1610612754,1899,2010
1610612765,2419,2010
1610612765,202328,2010
1610612765,2404,2010
1610612765,1888,2010
1610612765,201155,2010
1610612765,2732,2010
1610612765,201948,2010
1610612765,201969,2010
1610612765,101131,2010
1610612765,101198,2010
1610612765,1503,2010
1610612765,101111,2010
1610612755,2574,2010
1610612755,2443,2010
1610612764,2230,2010
1610612764,101154,2010
1610612764,201580,2010
1610612764,202348,2010
1610612764,202322,2010
1610612764,202338,2010
1610612764,201146,2010
1610612764,202082,2010
1610612764,201785,2010
1610612764,202380,2010
1610612764,201203,2010
1610612764,201156,2010
1610612739,202087,2010
1610612739,201581,2010
1610612739,200797,2010
1610612739,1515,2010
1610612739,201196,2010
1610612739,202376,2010
1610612739,202412,2010
1610612739,200789,2010
1610612739,201963,2010
1610612739,101121,2010
1610612739,1884,2010
1610612739,201623,2010
1610612766,201967,2010
1610612766,2564,2010
1610612766,2198,2010
1610612766,201945,2010
1610612766,201571,2010
1610612766,201187,2010
1610612766,201591,2010
1610612766,202066,2010
1610612766,2679,2010
1610612766,1536,2010
1610612766,2059,2010
1610612766,200748,2010
1610612752,200764,2010
1610612738,202340,2010
1610612745,200839,2010
1610612762,1905,2010
1610612751,2743,2010
1610612745,201960,2010
1610612762,201602,2010
1610612749,201972,2010
1610612746,2549,2010
1610612749,101106,2010
1610612750,2742,2010
1610612739,202396,2010
1610612761,101181,2010
1610612761,200745,2010
1610612765,1112,2010
1610612764,201858,2010
1610612751,101114,2010
1610612746,101155,2010
1610612740,2431,2010
1610612754,202362,2010
1610612760,202332,2010
1610612764,202344,2010
1610612766,2733,2010
1610612744,201151,2010
1610612751,2624,2010
1610612740,2561,2010
1610612745,201944,2010
1610612756,2554,2010
1610612751,202178,2010
1610612757,2260,2010
1610612749,2853,2010
1610612755,202342,2010
1610612744,2740,2010
1610612762,202408,2010
1610612764,2572,2010
1610612740,202077,2010
1610612766,2038,2010
1610612752,202360,2010
1610612763,1715,2010
1610612764,1740,2010
1610612738,202419,2010
1610612747,202365,2010
1610612763,200760,2010
1610612757,202343,2010
1610612748,2306,2010
1610612739,1712,2010
1610612764,1710,2010
1610612746,2446,2010
1610612766,2205,2010
1610612739,2760,2010
1610612738,202376,2010
1610612738,2570,2010
1610612738,101126,2010
1610612760,201145,2010
1610612760,2420,2010
1610612756,201609,2010
1610612763,201934,2010
1610612763,201960,2010
1610612752,201147,2010
1610612764,201154,2010
1610612745,2203,2010
1610612745,201166,2010
1610612745,202397,2010
1610612739,200081,2010
1610612739,200796,2010
1610612757,2038,2010
1610612757,201967,2010
1610612757,1752,2010
1610612738,201623,2010
1610612744,2429,2010
1610612744,201148,2010
1610612763,202333,2010
1610612743,2546,2010
1610612743,200764,2010
1610612743,1497,2010
1610612737,1710,2010
1610612737,2230,2010
1610612746,1884,2010
1610612766,2222,2010
1610612766,1737,2010
1610612766,201974,2010
1610612764,200756,2010
1610612741,201949,2010
1610612752,201568,2010
1610612752,202389,2010
1610612752,101109,2010
1610612752,201163,2010
1610612752,201576,2010
1610612740,201977,2010
1610612762,101114,2010
1610612743,1853,2010
1610612743,200749,2010
1610612750,201147,2010
1610612750,201585,2010
1610612739,2590,2010
1610612751,202324,2010
1610612751,2734,2010
1610612761,201234,2010
1610612764,2550,2010
1610612763,200752,2010
1610612760,201591,2010
1610612766,202395,2010
1610612749,202066,2010
1610612740,2562,2010
1610612742,202346,2010
1610612737,202348,2010
1610612745,2407,2010
1610612751,101158,2010
1610612738,2605,2010
1610612757,201141,2010
1610612742,2562,2010
1610612762,2246,2010
1610612753,1715,2010
1610612761,202178,2010
1610612761,101132,2010
1610612746,2260,2010
1610612742,201582,2010
1610612751,2211,2010
1610612756,202371,2010
1610612749,1730,2010
1610612761,2648,2010
1610612742,200779,2010
1610612744,200760,2010
1610612750,202178,2010
1610612742,2406,2010
1610612764,201991,2010
1610612739,101214,2010
1610612756,2853,2010
1610612764,202087,2010
1610612756,2202,2010
1610612756,2045,2010
1610612756,201947,2010
1610612764,2240,2010
1610612745,201966,2010
1610612760,2050,2010
1610612761,978,2010
1610612753,1740,2010
1610612753,1713,2010
1610612753,101162,2010
1610612753,2554,2010
1610612747,2756,2010
1610612751,693,2010
1610612751,201944,2010
1610612763,201151,2010
1610612740,200822,2010
1610612748,711,2010
1610612740,978,2010
1610612740,201573,2010
1610612761,101127,2010
1610612761,2431,2010
1610612761,2556,2010
1610612750,200772,2010
1610612745,2397,2010
1610612757,101177,2010
1610612754,202375,2010
1610612756,202394,2010
1610612752,201607,2010
1610612757,201573,2010
1610612740,201998,2010
1610612740,201570,2010
1610612755,200809,2010
1610612755,201610,2010
1610612738,201238,2010
1610612738,201186,2010
1610612766,2032,2010
1610612740,201199,2010
1610612742,201183,2010
1610612742,200793,2010
1610612765,101113,2010
1610612765,201649,2010
1610612764,200747,2010
1610612743,202420,2010
1610612760,202407,2010
1610612760,202406,2010
1610612747,202404,2010
1610612744,101223,2010
1610612763,2668,2010
1610612757,202074,2010
1610612748,202238,2010
1610612748,201976,2010
1610612766,202418,2010
1610612737,202410,2010
1610612737,202409,2010
1610612737,202411,2010
1610612753,202383,2010
1610612749,202423,2010
1610612762,202421,2010
1610612740,201208,2010
1610612740,201203,2010
1610612762,201193,2010
1610612762,201785,2010
1610612762,202178,2010
1610612741,201602,2010
1610612741,101232,2010
1610612750,2078,2010
1610612739,201980,2010
1610612766,201159,2010
1610612754,200984,2010
1610612760,201848,2010
1610612763,2863,2010
1610612756,101204,2010
1610612764,202402,2010
1610612745,202079,2010
1610612744,202393,2010
1610612756,1088,2010
1610612748,202400,2010
1610612748,202148,2010
1610612748,101183,2010
1610612763,2739,2010
1610612763,201645,2010
1610612743,202197,2010
1610612746,2063,2010
1610612746,202416,2010
1610612746,202417,2010
1610612746,202392,2010
1610612757,201965,2010
1610612739,202132,2010
1610612763,1903,2010
1610612742,244,2010
1610612745,200792,2010
1610612765,201973,2010
1610612765,202358,2010
1610612739,2254,2010
1610612738,1718,2009
1610612738,708,2009
1610612738,739,2009
1610612738,951,2009
1610612738,200765,2009
1610612738,201175,2009
1610612738,101126,2009
1610612738,2754,2009
1610612738,2243,2009
1610612738,2605,2009
1610612738,714,2009
1610612738,200749,2009
1610612747,1897,2009
1610612747,2200,2009
1610612747,101115,2009
1610612747,977,2009
1610612747,965,2009
1610612747,1885,2009
1610612747,200770,2009
1610612747,2756,2009
1610612747,200769,2009
1610612747,2694,2009
1610612747,2788,2009
1610612747,2575,2009
1610612738,2570,2009
1610612747,200747,2009
1610612756,255,2009
1610612756,2405,2009
1610612756,201577,2009
1610612756,2202,2009
1610612756,959,2009
1610612756,101112,2009
1610612756,201162,2009
1610612756,2571,2009
1610612756,201609,2009
1610612756,200811,2009
1610612756,201947,2009
1610612756,2260,2009
1610612753,2440,2009
1610612753,1740,2009
1610612753,2730,2009
1610612753,1713,2009
1610612753,2749,2009
1610612753,200755,2009
1610612753,2554,2009
1610612753,1715,2009
1610612753,101162,2009
1610612753,101138,2009
1610612753,201583,2009
1610612753,1533,2009
1610612739,2544,2009
1610612739,1712,2009
1610612739,406,2009
1610612739,1515,2009
1610612739,2590,2009
1610612739,2753,2009
1610612739,2760,2009
1610612739,980,2009
1610612739,200081,2009
1610612739,201581,2009
1610612739,200789,2009
1610612739,200796,2009
1610612762,101139,2009
1610612762,2430,2009
1610612762,201178,2009
1610612762,202083,2009
1610612762,101114,2009
1610612762,200794,2009
1610612762,1905,2009
1610612762,2594,2009
1610612762,101179,2009
1610612762,201585,2009
1610612762,201785,2009
1610612762,202178,2009
1610612737,101107,2009
1610612737,2746,2009
1610612737,201143,2009
1610612737,2207,2009
1610612737,1710,2009
1610612737,2037,2009
1610612737,2230,2009
1610612737,2585,2009
1610612737,201952,2009
1610612737,201043,2009
1610612737,2215,2009
1610612737,693,2009
1610612756,101204,2009
1610612762,2246,2009
1610612737,201238,2009
1610612739,101214,2009
1610612749,2568,2009
1610612749,201601,2009
1610612749,703,2009
1610612749,2422,2009
1610612749,201943,2009
1610612749,711,2009
1610612749,101141,2009
1610612749,2557,2009
1610612749,2429,2009
1610612749,2056,2009
1610612749,2767,2009
1610612749,101106,2009
1610612749,2294,2009
1610612760,201142,2009
1610612760,201145,2009
1610612760,2420,2009
1610612760,200757,2009
1610612760,201566,2009
1610612760,2555,2009
1610612760,201586,2009
1610612760,201935,2009
1610612760,201953,2009
1610612760,1563,2009
1610612760,2041,2009
1610612760,201602,2009
1610612743,2546,2009
1610612743,2030,2009
1610612743,101130,2009
1610612743,201167,2009
1610612743,1497,2009
1610612743,2747,2009
1610612743,2365,2009
1610612743,201951,2009
1610612743,2124,2009
1610612743,101121,2009
1610612743,200764,2009
1610612743,1853,2009
1610612742,1890,2009
1610612742,1717,2009
1610612742,2217,2009
1610612742,2406,2009
1610612742,467,2009
1610612742,1891,2009
1610612742,2059,2009
1610612742,200826,2009
1610612742,956,2009
1610612742,201958,2009
1610612742,2679,2009
1610612742,2052,2009
1610612757,201587,2009
1610612757,200746,2009
1610612757,948,2009
1610612757,200750,2009
1610612757,1889,2009
1610612757,201573,2009
1610612757,101110,2009
1610612757,201967,2009
1610612757,436,2009
1610612757,201164,2009
1610612757,201965,2009
1610612757,201988,2009
1610612743,2403,2009
1610612741,2736,2009
1610612741,201959,2009
1610612741,201149,2009
1610612741,2550,2009
1610612741,201565,2009
1610612741,1802,2009
1610612741,2436,2009
1610612741,101124,2009
1610612741,201949,2009
1610612741,201151,2009
1610612741,2457,2009
1610612741,201181,2009
1610612748,2047,2009
1610612748,201563,2009
1610612748,979,2009
1610612748,2548,2009
1610612748,2306,2009
1610612748,201596,2009
1610612748,201202,2009
1610612748,2617,2009
1610612748,2748,2009
1610612748,201161,2009
1610612748,2592,2009
1610612748,2048,2009
1610612766,2222,2009
1610612766,2564,2009
1610612766,689,2009
1610612766,1536,2009
1610612766,101109,2009
1610612766,1737,2009
1610612766,200748,2009
1610612766,201571,2009
1610612766,1716,2009
1610612766,2199,2009
1610612766,201974,2009
1610612766,101211,2009
1610612741,2484,2009
1610612757,101143,2009
1610612760,201957,2009
1610612760,201591,2009
1610612752,201568,2009
1610612752,101135,2009
1610612752,2853,2009
1610612752,201611,2009
1610612752,2768,2009
1610612752,201962,2009
1610612752,200771,2009
1610612752,201592,2009
1610612752,1886,2009
1610612752,1733,2009
1610612752,2067,2009
1610612752,1503,2009
1610612761,2045,2009
1610612761,101161,2009
1610612761,200745,2009
1610612761,201603,2009
1610612761,101181,2009
1610612761,201942,2009
1610612761,101127,2009
1610612761,201158,2009
1610612761,1725,2009
1610612761,2556,2009
1610612761,2501,2009
1610612761,200753,2009
1610612746,2566,2009
1610612746,201599,2009
1610612746,2549,2009
1610612746,2446,2009
1610612746,2581,2009
1610612746,200783,2009
1610612746,200776,2009
1610612746,200779,2009
1610612746,201628,2009
1610612746,2400,2009
1610612746,201569,2009
1610612746,1730,2009
1610612754,101122,2009
1610612754,2211,2009
1610612754,201579,2009
1610612754,201575,2009
1610612754,2248,2009
1610612754,201177,2009
1610612754,2399,2009
1610612754,200780,2009
1610612754,2563,2009
1610612754,201985,2009
1610612754,2551,2009
1610612754,101129,2009
1610612764,2034,2009
1610612764,101154,2009
1610612764,101177,2009
1610612764,201156,2009
1610612764,2733,2009
1610612764,201580,2009
1610612764,201154,2009
1610612764,201858,2009
1610612764,101189,2009
1610612764,202132,2009
1610612764,2624,2009
1610612764,1863,2009
1610612765,201948,2009
1610612765,201973,2009
1610612765,1112,2009
1610612765,2419,2009
1610612765,101198,2009
1610612765,201969,2009
1610612765,101131,2009
1610612765,1088,2009
1610612765,101111,2009
1610612765,2198,2009
1610612765,2732,2009
1610612765,201155,2009
1610612750,101155,2009
1610612750,2744,2009
1610612750,2545,2009
1610612750,201147,2009
1610612750,201196,2009
1610612750,201567,2009
1610612750,200797,2009
1610612750,2562,2009
1610612750,2863,2009
1610612750,201961,2009
1610612750,2073,2009
1610612750,200762,2009
1610612744,202130,2009
1610612744,201229,2009
1610612744,201805,2009
1610612744,101145,2009
1610612744,201939,2009
1610612744,1904,2009
1610612744,101142,2009
1610612744,201627,2009
1610612744,1894,2009
1610612744,2209,2009
1610612744,201576,2009
1610612744,201228,2009
1610612763,200752,2009
1610612763,2216,2009
1610612763,201934,2009
1610612763,201564,2009
1610612763,201144,2009
1610612763,201632,2009
1610612763,200766,2009
1610612763,201589,2009
1610612763,201970,2009
1610612763,201960,2009
1610612763,201991,2009
1610612763,201188,2009
1610612755,2574,2009
1610612755,1882,2009
1610612755,2223,2009
1610612755,2738,2009
1610612755,201950,2009
1610612755,101150,2009
1610612755,201160,2009
1610612755,201578,2009
1610612755,201975,2009
1610612755,200760,2009
1610612755,2584,2009
1610612755,1922,2009
1610612751,201944,2009
1610612751,201146,2009
1610612751,201572,2009
1610612751,201584,2009
1610612751,2734,2009
1610612751,200767,2009
1610612751,200809,2009
1610612751,201604,2009
1610612751,1499,2009
1610612751,2239,2009
1610612751,2743,2009
1610612751,2250,2009
1610612748,101183,2009
1610612748,200821,2009
1610612748,202238,2009
1610612740,2050,2009
1610612740,2561,2009
1610612740,2731,2009
1610612740,201977,2009
1610612740,201954,2009
1610612740,201153,2009
1610612740,201189,2009
1610612740,1899,2009
1610612740,2443,2009
1610612740,1752,2009
1610612740,101108,2009
1610612740,978,2009
1610612745,2772,2009
1610612745,2449,2009
1610612745,101236,2009
1610612745,2755,2009
1610612745,201166,2009
1610612745,2407,2009
1610612745,200768,2009
1610612745,201978,2009
1610612745,201941,2009
1610612745,201966,2009
1610612745,2203,2009
1610612745,200792,2009
1610612766,201945,2009
1610612749,201616,2009
1610612738,201802,2009
1610612739,2742,2009
1610612739,201980,2009
1610612763,200758,2009
1610612763,2224,2009
1610612750,201938,2009
1610612745,200839,2009
1610612766,2205,2009
1610612751,2039,2009
1610612746,1884,2009
1610612751,2553,2009
1610612761,101120,2009
1610612765,1888,2009
1610612745,200756,2009
1610612755,201152,2009
1610612761,2547,2009
1610612756,201981,2009
1610612752,2201,2009
1610612764,200751,2009
1610612764,202087,2009
1610612752,201163,2009
1610612753,1502,2009
1610612741,201570,2009
1610612765,2404,2009
1610612745,2431,2009
1610612739,201616,2009
1610612744,1952,2009
1610612750,201605,2009
1610612750,201169,2009
1610612760,202079,2009
1610612744,2740,2009
1610612745,101215,2009
1610612763,2212,2009
1610612764,200839,2009
1610612742,101144,2009
1610612738,202068,2009
1610612748,1747,2009
1610612745,202066,2009
1610612754,101143,2009
1610612764,2572,2009
1610612755,947,2009
1610612764,201159,2009
1610612749,2072,2009
1610612762,200758,2009
1610612745,201171,2009
1610612745,2567,2009
1610612745,201595,2009
1610612749,201975,2009
1610612749,101124,2009
1610612746,1729,2009
1610612741,200748,2009
1610612741,283,2009
1610612741,2422,2009
1610612752,2407,2009
1610612752,201941,2009
1610612752,1716,2009
1610612752,202068,2009
1610612752,101126,2009
1610612764,2229,2009
1610612764,1712,2009
1610612746,201154,2009
1610612742,2400,2009
1610612742,2572,2009
1610612742,2624,2009
1610612742,101189,2009
1610612738,2067,2009
1610612755,2767,2009
1610612766,2436,2009
1610612757,2581,2009
1610612738,201611,2009
1610612740,2078,2009
1610612766,201151,2009
1610612755,2056,2009
1610612746,948,2009
1610612739,202132,2009
1610612764,2406,2009
1610612764,2217,2009
1610612764,201187,2009
1610612764,2052,2009
1610612744,201207,2009
1610612744,2049,2009
1610612744,201858,2009
1610612742,1501,2009
1610612740,201628,2009
1610612741,201189,2009
1610612746,201191,2009
1610612740,2484,2009
1610612749,1922,2009
1610612746,2742,2009
1610612738,201592,2009
1610612751,200761,2009
1610612757,101183,2009
1610612764,2240,2009
1610612754,201946,2009
1610612742,2743,2009
1610612738,201991,2009
1610612739,201207,2009
1610612751,201157,2009
1610612751,2059,2009
1610612757,201229,2009
1610612761,200822,2009
1610612744,1630,2009
1610612757,2038,2009
1610612751,1747,2009
1610612760,2733,2009
1610612760,2366,2009
1610612745,1503,2009
1610612740,200756,2009
1610612737,201629,2009
1610612756,201169,2009
1610612762,201953,2009
1610612754,1902,2009
1610612757,2566,2009
1610612757,201141,2009
1610612749,101146,2009
1610612752,2545,2009
1610612760,1763,2009
1610612744,101235,2009
1610612766,201582,2009
1610612746,2416,2009
1610612745,200822,2009
1610612744,1536,2009
1610612744,201151,2009
1610612750,2078,2009
1610612763,947,2009
1610612766,1952,2009
1610612766,2209,2009
1610612764,200781,2009
1610612763,201821,2009
1610612746,201933,2009
1610612765,201622,2009
1610612753,2669,2009
1610612741,201182,2009
1610612747,202070,2009
1610612753,201165,2009
1610612763,201446,2009
1610612751,200807,2009
1610612752,201805,2009
1610612766,202079,2009
1610612766,200971,2009
1610612742,2063,2009
1610612760,201645,2009
1610612750,2876,2009
1610612757,2137,2009
1610612757,2260,2009
1610612762,2648,2009
1610612747,202076,2009
1610612737,201235,2009
1610612764,200813,2009
1610612745,200575,2009
1610612762,201983,2009
1610612746,101194,2009
1610612761,200763,2009
1610612738,2552,2009
1610612756,201225,2009
1610612756,2424,2009
1610612755,200847,2009
1610612755,202091,2009
1610612762,200792,2009
1610612762,101208,2009
1610612763,202078,2009
1610612765,1766,2009
1610612740,2853,2009
1610612739,201208,2009
1610612739,202075,2009
1610612739,201633,2009
1610612739,201781,2009
1610612744,202065,2009
1610612754,201193,2009
1610612754,101160,2009
1610612754,200918,2009
1610612748,201229,2009
1610612748,101249,2009
1610612742,201605,2009
1610612762,1962936250,2009
1610612737,202081,2009
1610612737,2413,2009
1610612737,2366,2009
1610612746,202077,2009
1610612750,201203,2009
1610612760,1913,2009
1610612739,2857,2009
1610612740,202082,2009
1610612760,200839,2009
1610612737,201648,2009
1610612743,202069,2009
1610612743,200778,2009
1610612737,101223,2009
1610612747,202071,2009
1610612747,101153,2009
1610612752,201621,2009
1610612750,101209,2009
1610612747,201776,2009
1610612748,200809,2009
1610612755,201606,2009
1610612763,201242,2009
1610612755,1962936270,2009
1610612752,201999,2009
1610612751,201834,2009
1610612751,201646,2009
1610612762,500032,2009
1610612743,202394,1900
1610612744,2732,1900
1610612753,1626296,1900
1610612740,1626290,1900
1610612740,202366,1900
1610612741,202815,1900
1610612741,202513,1900
1610612762,204022,1900
1610612762,203511,1900
1610612764,101110,1900
1610612737,203529,1900
1610612737,1626293,1900
1610612744,203502,1900
1610612765,203547,1900
1610612749,203586,1900
1610612749,1626281,1900
1610612763,1626261,1900
1610612763,204067,1900
1610612746,2401,1900
1610612744,2738,1900
1610612744,203084,1900
1610612761,2547,2050
1610612756,201981,2050
1610612752,2201,2050
1610612764,200751,2050
1610612764,202087,2050
1610612752,201163,2050
1610612753,1502,2050
1610612741,201570,2050
1610612765,2404,2050
1610612745,2431,2050
1610612739,201616,2050
1610612744,1952,2050
1610612750,201605,2050
1610612750,201169,2050
1610612760,202079,2050
1610612744,2740,2050
1610612745,101215,2050
1610612763,2212,2050
1610612764,200839,2050
1610612742,101144,2050
1610612738,202068,2050
1610612748,1747,2050
1610612745,202066,2050
1610612754,101143,2050
1610612764,2572,2050
1610612755,947,2050
1610612764,201159,2050
1610612749,2072,2050
1610612762,200758,2050
1610612745,201171,2050
1610612745,2567,2050
1610612745,201595,2050
1610612749,201975,2050
1610612749,101124,2050
1610612746,1729,2050
1610612741,200748,2050
1610612741,283,2050
1610612741,2422,2050
1610612752,2407,2050
1610612752,201941,2050
1610612752,1716,2050
1610612752,202068,2050
1610612752,101126,2050
1610612764,2229,2050
1610612764,1712,2050
1610612754,1629048,2019
1610612754,1628993,2019
1610612754,1628388,2019
1610612763,203524,2019
1610612763,203109,2019
1610612763,1628991,2019
1610612763,1628415,2019
1610612763,1626145,2019
1610612763,1629001,2019
1610612763,1628960,2019
1610612763,203998,2019
1610612763,1629741,2019
1610612763,203937,2019
1610612763,1629634,2019
1610612763,202685,2019
1610612763,1629139,2019
1610612744,1629672,2019
1610612744,1626172,2019
1610612744,1626161,2019
1610612744,203922,2019
1610612744,202692,2019
1610612744,1629065,2019
1610612744,1627737,2019
1610612744,1629673,2019
1610612744,1629016,2019
1610612744,1628980,2019
1610612744,203110,2019
1610612737,1629631,2019
1610612737,203953,2019
1610612737,1627745,2019
1610612737,1627761,2019
1610612737,1629027,2019
1610612737,1713,2019
1610612737,203458,2019
1610612737,1629629,2019
1610612737,202323,2019
1610612737,1627820,2019
1610612737,1628981,2019
1610612737,1629164,2019
